Survive,Survive_bar,chi,dynamics,epsilon,lam_min,lam_min_cor,mean_N,mean_N_bar,mean_R,mean_R_bar,mu,nu,nu_threshold,opti_f,opti_f_bar,phi_N,phi_N_bar,phi_R,phi_R_bar,power,power_bar,q_N,q_N_bar,q_R,q_R_bar,size,var_N,var_R
71.879875,2.732571130707305,0.12167708138807558,quadratic,1e-08,0.003274961598593301,0.0018595674808886491,3.9096000477248114,0.045750337660506825,0.3846153041591302,0.004659600394295771,0,399239887622.6894,-86.78191953518372,93.31108164359848,1.950446491130754,0.71879875,0.027325711307073057,0.8404637499999998,0.03020550340480191,374.9218630147371,6.028964910320522,26.899063548671553,1.1684181724728886,0.22619856640189753,0.009480520097917573,100,11.614091015501705,0.0782696342084773
71.879875,2.732571130707305,0.12167708138807558,quadratic,1.1905772393787845e-08,0.003274961598593301,0.0018595674808886491,3.9096000477248114,0.045750337660506825,0.3846153041591302,0.004659600394295771,0,399239887622.6894,-86.78191953518372,93.31108164359848,1.950446491130754,0.71879875,0.027325711307073057,0.8404637499999998,0.03020550340480191,374.9218630147371,6.028964910320522,26.899063548671553,1.1684181724728886,0.22619856640189753,0.009480520097917573,100,11.614091015501705,0.0782696342084773
71.879875,2.732571130707305,0.12167708138807558,quadratic,1.4174741629268047e-08,0.003274961598593301,0.0018595674808886491,3.9096000477248114,0.045750337660506825,0.3846153041591302,0.004659600394295771,0,399239887622.6894,-86.78191953518372,93.31108164359848,1.950446491130754,0.71879875,0.027325711307073057,0.8404637499999998,0.03020550340480191,374.9218630147371,6.028964910320522,26.899063548671553,1.1684181724728886,0.22619856640189753,0.009480520097917573,100,11.614091015501705,0.0782696342084773
71.879875,2.732571130707305,0.12167708138807558,quadratic,1.6876124757881487e-08,0.003274961598593301,0.0018595674808886491,3.9096000477248114,0.045750337660506825,0.3846153041591302,0.004659600394295771,0,399239887622.6894,-86.78191953518372,93.31108164359848,1.950446491130754,0.71879875,0.027325711307073057,0.8404637499999998,0.03020550340480191,374.9218630147371,6.028964910320522,26.899063548671553,1.1684181724728886,0.22619856640189753,0.009480520097917573,100,11.614091015501705,0.0782696342084773
71.8805,2.7327128919811536,0.12167333138807558,quadratic,2.009233002565046e-08,0.00327473236074286,0.001859567416507236,3.9095993209945816,0.04575088225842263,0.38461533641095447,0.004659638318804744,0,399239887622.65955,-86.81265943670186,93.31108217076134,1.9504458395358684,0.718805,0.02732712891981154,0.84046625,0.030202981821957575,374.92183567754853,6.028954084881761,26.89903617407192,1.1684288245064054,0.2261985859810129,0.009480523998643737,100,11.614069323350627,0.07826962897850122
71.880375,2.732547320610386,0.12167333138807558,quadratic,2.3921470814626387e-08,0.0032750174892285998,0.001859567614386101,3.909598428599847,0.04575266192964614,0.3846153163722454,0.004659616948542916,0,399239887622.6598,-86.8123435953468,93.31108284118119,1.9504451646336824,0.7188037500000001,0.027325473206103866,0.8404649999999999,0.0302015525263189,374.92178788781945,6.028961346556963,26.899053521140914,1.168396865094602,0.22619887136097414,0.009480322076481905,100,11.614093648230522,0.07826992977285172
71.880375,2.732547320610386,0.12167333138807558,quadratic,2.848035868435805e-08,0.0032750174892285998,0.001859567614386101,3.909598428599847,0.04575266192964614,0.3846153163722454,0.004659616948542916,0,399239887622.6598,-86.8123435953468,93.31108284118119,1.9504451646336824,0.7188037500000001,0.027325473206103866,0.8404649999999999,0.0302015525263189,374.92178788781945,6.028961346556963,26.899053521140914,1.168396865094602,0.22619887136097414,0.009480322076481905,100,11.614093648230522,0.07826992977285172
71.880375,2.732547320610386,0.12167333138807558,quadratic,3.3908066818940527e-08,0.0032750174892285998,0.001859567614386101,3.909598428599847,0.04575266192964614,0.3846153163722454,0.004659616948542916,0,399239887622.6598,-86.8123435953468,93.31108284118119,1.9504451646336824,0.7188037500000001,0.027325473206103866,0.8404649999999999,0.0302015525263189,374.92178788781945,6.028961346556963,26.899053521140914,1.168396865094602,0.22619887136097414,0.009480322076481905,100,11.614093648230522,0.07826992977285172
71.880375,2.732593065089458,0.12167208138807559,quadratic,4.037017258596558e-08,0.003275017489145359,0.001859567623054353,3.9095981191591442,0.045752675696938645,0.38461531749887057,0.004659610509160525,0,399239887622.66003,-86.81213670925685,93.31108299828335,1.9504451996568077,0.7188037500000001,0.027325930650894587,0.8404637499999998,0.03020177868830741,374.92174790605986,6.02893538351901,26.89902629993256,1.168404194737844,0.22619951390273285,0.009480092339524468,100,11.614068846599844,0.07827057144797582
71.88075,2.7328152951672386,0.12166833138807559,quadratic,4.8063808630643886e-08,0.003275015202326184,0.001859567184992109,3.9095924346945177,0.04574847004272368,0.3846153753560419,0.004659591603542189,0,399239887622.65967,-86.81252463512823,93.31108841316785,1.9504509397844458,0.7188075,0.027328152951672388,0.8404637499999998,0.03020177868830741,374.92143788315695,6.028855185260957,26.898876395917142,1.1682684061781967,0.22620029950013426,0.009479429530304598,100,11.613963390496538,0.07827131253986525
71.880875,2.7331180425248744,0.12166583138807559,quadratic,5.72236765935022e-08,0.0032745449411175987,0.0018598687242625887,3.909590151123007,0.04575135057357866,0.3846152938001641,0.004659621942648287,0,399239887622.6578,-86.81450024244289,93.31109149802373,1.9504475084316653,0.7188087499999999,0.027331180425248746,0.8404625,0.030202004796867372,374.9212558236737,6.029057168239705,26.898946117965274,1.1681933220815781,0.22620085585835562,0.009479782493529824,100,11.614050968207255,0.07827193163336904
71.880875,2.7331180425248744,0.12166708138807558,quadratic,6.812920690579608e-08,0.003274544890721218,0.0018598705254990354,3.9095896147967046,0.04575092991340991,0.38461531395356424,0.004659604075114741,0,399239887622.658,-86.81431701677869,93.31109174419062,1.950447633591759,0.7188087499999999,0.027331180425248746,0.8404637499999998,0.030199295288756322,374.9212349471088,6.029060075426673,26.89893486716862,1.1681778448654858,0.2262010272231506,0.009480024397691527,100,11.614043911042375,0.0782720874955518
71.880625,2.733107134631754,0.12166708138807558,quadratic,8.111308307896873e-08,0.0032745448916469354,0.0018598716883863084,3.9095865945020214,0.04575012735737475,0.38461518451898613,0.004659592008465422,0,399239887622.65814,-86.81416536766419,93.31109768463139,1.9504489094425372,0.7188062500000001,0.02733107134631755,0.8404612499999999,0.030200575299776985,374.9209435736146,6.028954140551648,26.898836533185253,1.1681400211090116,0.2262009142515826,0.009479695151489822,100,11.613969193275338,0.07827207408900885
71.880625,2.733107134631754,0.12166708138807558,quadratic,9.657139052966039e-08,0.0032745448916469354,0.0018598716883863084,3.9095865945020214,0.04575012735737475,0.38461518451898613,0.004659592008465422,0,399239887622.65814,-86.81416536766419,93.31109768463139,1.9504489094425372,0.7188062500000001,0.02733107134631755,0.8404612499999999,0.030200575299776985,374.9209435736146,6.028954140551648,26.898836533185253,1.1681400211090116,0.2262009142515826,0.009479695151489822,100,11.613969193275338,0.07827207408900885
71.88075,2.7332269275528516,0.1216645813880756,quadratic,1.1497569953977356e-07,0.0032740423023490117,0.0018598716697298238,3.9095865090074287,0.045750019090820986,0.38461519459649257,0.004659598814321471,0,399239887622.6258,-86.84749618962844,93.31109770340943,1.9504489300386627,0.7188075,0.02733226927552852,0.84046,0.030202042977255688,374.92093640789983,6.028945338095674,26.898838148260957,1.1681399460966557,0.22620103879577616,0.00947982965023355,100,11.613971476848064,0.07827219088127832
71.88075,2.7332269275528516,0.1216645813880756,quadratic,1.368874509537082e-07,0.0032740423032487204,0.0018598721060116765,3.909584449525445,0.04574826324937625,0.3846151615829944,0.004659651531666554,0,399239887622.6258,-86.84747028758086,93.31109983443513,1.9504502597816493,0.7188075,0.02733226927552852,0.84046,0.030202042977255688,374.92082271106204,6.029049201916961,26.8988074646295,1.1680944107713906,0.2262011817090216,0.009479638325300126,100,11.613956896658323,0.0782723591895087
71.880875,2.73320951161359,0.12166333138807557,quadratic,1.6297508346206436e-07,0.003273938280529769,0.0018598853153291694,3.909584449712369,0.0457482636885321,0.38461516159913195,0.004659651519308508,0,399239887622.6213,-86.85218160304468,93.31109983445245,1.9504502597737485,0.7188087499999999,0.027332095116135907,0.84046,0.030202042977255688,374.92082273785434,6.029049203310044,26.898807361502442,1.1680944556044959,0.2262011811779417,0.009479637201328613,100,11.613956792069674,0.0782723586460153
71.881,2.733054884190949,0.12166208138807558,quadratic,1.9403442495579159e-07,0.003273976414622502,0.0018589952274997398,3.90958194909369,0.04574791223866783,0.3846150715793812,0.004659610314670089,0,399239887622.62115,-86.85228427159674,93.31110334984012,1.9504494257629963,0.71881,0.027330548841909493,0.84046,0.030202042977255688,374.9206291616963,6.02904177622937,26.89880042853777,1.1680956781355307,0.22620153733120923,0.009480605575418433,100,11.613969411858553,0.07827278404519673
71.88075,2.7328152951672386,0.12165958138807556,quadratic,2.310129700083158e-07,0.003274223804568903,0.0018590012386065472,3.90958101519941,0.045747739640797466,0.3846149943162357,0.004659715237004054,0,399239887622.62476,-86.84856629509976,93.31110492323621,1.950450591735839,0.7188075,0.027328152951672388,0.840455,0.030197151769661982,374.9205030571822,6.029093377600909,26.89883734990645,1.1680933623151997,0.22620248604017834,0.009478976134273629,100,11.6140136354988,0.07827379218730032
71.880375,2.733050467769485,0.12166333138807557,quadratic,2.750387840931946e-07,0.003274226756527782,0.0018589928736694804,3.9095780202835084,0.04574633815757198,0.3846148882407122,0.004659688325551692,0,399239887622.6253,-86.84803685937965,93.31110825148804,1.9504536405476878,0.7188037500000001,0.027330504677694854,0.840455,0.030197151769661982,374.9202948917093,6.028869302513165,26.898835239886985,1.1680919458157184,0.22620332109855767,0.00947911372022447,100,11.614034943203066,0.07827470884214213
71.881,2.733603665493592,0.12165958143680619,quadratic,3.2745491628777317e-07,0.00327445473024488,0.0018601307034343448,3.909573109242791,0.045751660575894006,0.38461480874483867,0.004659887190254095,0,399239303779.33325,-87.12385506851886,93.31111378451324,1.9504500430740241,0.71881,0.027336036654935923,0.8404575,0.030202494826586754,374.9200248241937,6.02903731710918,26.898638225473356,1.1682766611674584,0.22620318941898626,0.009478932536577526,100,11.61387632895901,0.07827463831315742
71.881625,2.7344766152547364,0.1216583314368062,quadratic,3.898603702549072e-07,0.0032744529646238163,0.0018599579844451304,3.909563446985832,0.04575582727674532,0.38461477100249525,0.004659917447157085,0,399239303779.3349,-87.12214895815286,93.31112725425687,1.9504470151930673,0.71881625,0.02734476615254737,0.8404624999999999,0.03020283254514384,374.9193686922375,6.029187489279687,26.898587522134022,1.168311509937355,0.22620284233478483,0.009478062297477236,100,11.613901176126282,0.07827432026148295
71.881625,2.7344766152547364,0.1216545814368062,quadratic,4.641588833612782e-07,0.003274438529307722,0.0018599590855550112,3.9095591223718453,0.045756520625150614,0.3846146703115153,0.004659931314284764,0,399239303779.3347,-87.12228346026386,93.31113191959827,1.9504452259808782,0.71881625,0.02734476615254737,0.84045875,0.030205165923025478,374.91907968631887,6.02922615101605,26.89846544528118,1.168232147886057,0.22620395711328156,0.009478625097138099,100,11.613812913960265,0.07827551249444593
71.881,2.7346551885018338,0.1216545814368062,quadratic,5.526170019854088e-07,0.0032750067806681664,0.0018598872441454625,3.909555176258708,0.045758163650172316,0.3846146974285261,0.004659988714117145,0,399239303779.34265,-87.11418068126802,93.311135960604,1.9504455187661427,0.71881,0.027346551885018344,0.8404524999999999,0.030202570151396053,374.91880592769456,6.029225783042464,26.89861411128694,1.168204446314818,0.22620539126558348,0.009477909773617657,100,11.613992435075678,0.07827692578754679
71.88075,2.7361979894554413,0.1216495814368062,quadratic,6.579332246575682e-07,0.003275701821167854,0.0018612086361421806,3.9095494226361525,0.04575907381542717,0.38461429628150295,0.004660199152290177,0,399239303779.3319,-87.12520931976812,93.31114434807226,1.9504471708161086,0.7188075,0.027361979894554418,0.8404449999999999,0.030201439949115005,374.9183237490612,6.02957453429764,26.89848737226208,1.1684239359708855,0.22620664736880808,0.009477544827352318,100,11.613910684227406,0.07827849046469235
71.881375,2.735882510155544,0.12163958143680656,quadratic,7.833203223083892e-07,0.003275117440615144,0.0018630264862756199,3.9095362829757145,0.045762029753093014,0.38461382925116117,0.004660598241378394,0,399239303778.9715,-87.49667579995055,93.31116459414638,1.9504394935714726,0.71881375,0.02735882510155544,0.8404412499999999,0.030202529669507813,374.9173269742778,6.030539495284327,26.898214076142054,1.1684383099714999,0.22620633677004456,0.009477077725205648,100,11.61374012823849,0.0782785391188032
71.88,2.736073829413234,0.12164208143680694,quadratic,9.326033468832199e-07,0.0032763948552981524,0.0018648013347957477,3.9095238900978426,0.045762187975246414,0.38461313593328245,0.004660307797196286,0,399239303760.9127,-87.32209990515666,93.31119625382041,1.950445372769305,0.7188,0.027360738294132346,0.8404299999999999,0.03020745106757602,374.91553781022367,6.030484953902304,26.898206735314787,1.1685656718211326,0.22621046034358672,0.009477122298140343,100,11.613829688069018,0.07828319601115309
71.880125,2.736650321903586,0.12164458143680357,quadratic,1.1103363181676367e-06,0.0032762557564888625,0.0018669705581907828,3.909511884399036,0.04575839948041142,0.38461288779086245,0.004660514612953486,0,399239303790.4559,-87.37205314530617,93.31121498635478,1.9504585833556938,0.71880125,0.027366503219035863,0.8404337499999999,0.03020098278098744,374.91465530506133,6.030475853041248,26.89810109775737,1.168633007970095,0.2262093779275012,0.009477265410961765,100,11.61381792350007,0.07828230447267465
71.8955,2.711425778073226,0.12225035384530529,quadratic,1.3219411484660288e-06,0.0032082149222631665,0.0018460282399885297,3.908822057828132,0.045152305484956155,0.3845992708252008,0.004720564291927489,0,622425160612.5858,-103.55868987010355,93.29914362363968,1.9271318107143627,0.7189549999999999,0.027114257780732263,0.84118625,0.03041061181458702,374.812614095279,5.983313915971629,26.87852235344184,1.168393777071174,0.22600854931328118,0.009634733625966797,100,11.59963247367809,0.07809195019400503
71.893625,2.7109609660367666,0.12225160384530527,quadratic,1.5738730431619044e-06,0.0032097412413626706,0.0018476105535265874,3.908803815873905,0.045168457384687194,0.38459850231453435,0.004720545248673646,0,622425160612.611,-103.53284723898527,93.29917497187675,1.92711114940665,0.7189362499999999,0.02710960966036767,0.84116875,0.03040635662879556,374.81092267256895,5.984005433962654,26.87847000623573,1.1683837770786887,0.22601102953850005,0.009631151201176387,100,11.59972273524533,0.07809502155591716
71.893,2.710083209054659,0.12224160411319221,quadratic,1.873817422860387e-06,0.00321190330438695,0.0018466575643660181,3.9087848178351043,0.0451711271846687,0.3845982246557314,0.004720710961764071,0,622427344888.8652,-103.51190489603717,93.29921856187005,1.9271059929537775,0.7189300000000001,0.027100832090546596,0.8411525,0.030416225008209015,374.80872294224906,5.983994898340789,26.878294701140412,1.168674220915708,0.22601143413212638,0.009632046946490338,100,11.599695949002202,0.07809563972378596
71.892875,2.711161971254207,0.12223285411319221,quadratic,2.2309243744089833e-06,0.0032094291977760045,0.0018466252297401912,3.908768222513294,0.04518002382126816,0.38459764325189666,0.00472097706380289,0,622427344888.6752,-103.70849641363404,93.29924089645627,1.9270944699067158,0.7189287499999999,0.027111619712542077,0.8411424999999999,0.03041331441572917,374.80744610422323,5.98489129469035,26.878173026034084,1.1685813905415314,0.2260146363785422,0.009630757027041907,100,11.599704008704352,0.07809928918362903
71.894875,2.712715195956811,0.1222003541066884,quadratic,2.656087782946684e-06,0.003209340822802565,0.0018469352011026442,3.9087428327334184,0.04518826084384675,0.384596942855041,0.004721289445721924,0,622427210812.5442,-104.28872461846005,93.29928270167866,1.9270848085412506,0.71894875,0.027127151959568118,0.84113,0.03041213737967129,374.8051346548316,5.985633548011214,26.878063340111595,1.1689198880418898,0.22601906018166545,0.009634114128437137,100,11.599792807666727,0.0781042517282218
71.895125,2.7122640421564785,0.12218906600151429,quadratic,3.162277660168379e-06,0.0032114800990892373,0.0018470887918446196,3.908691264198852,0.04521811154507771,0.3845954739293271,0.0047209853056465,0,623589481250.1722,-104.06266677612115,93.2993656588724,1.9270468608952678,0.71895125,0.027122640421564786,0.8411212499999999,0.03040732310542149,374.8008506467081,5.987355911242944,26.87731333363805,1.1696171507521191,0.2260217832040325,0.009634242277805063,100,11.59944593481363,0.0781081046371088
71.89525,2.7113700296160244,0.12216281600151367,quadratic,3.764935806792471e-06,0.0032128347130511463,0.0018463079970720297,3.908652471607872,0.04521443423211078,0.3845940029255613,0.0047212507451976134,0,623589481259.5806,-102.4173042131873,93.29943426351308,1.9270641883691348,0.7189525,0.027113700296160247,0.8410962499999999,0.030431656805660446,374.7973079929606,5.987116089647939,26.876613748472696,1.1694516153961019,0.22602403172019386,0.009636996653233901,100,11.599049604666371,0.07811148463388723
71.894,2.7097534943237918,0.12215787537898888,quadratic,4.482446879289308e-06,0.003216755625734522,0.001854079586128315,3.9086133165796886,0.04522060552840667,0.384592736457476,0.0047209308817600945,0,623667441668.4526,-102.35893956380731,93.29951273652289,1.9270562903599338,0.71894,0.027097534943237925,0.8410787499999999,0.030428996014287092,374.79316224596533,5.987026632364563,26.87663078547843,1.1697433626138352,0.22602847362843276,0.009633076092855165,100,11.599372726934357,0.07811690069258317
71.894625,2.709339607611973,0.12211912541082764,quadratic,5.336699231206313e-06,0.0032183836544767376,0.0018520660137537016,3.9085361942159884,0.045229610909605436,0.38459088383827605,0.0047201930534014145,0,623664683187.0132,-102.90328372141033,93.29962917359875,1.9270285918578844,0.71894625,0.027093396076119734,0.8410462499999999,0.030428898450938043,374.7870102571059,5.987935540109626,26.87570584073203,1.1699561570808352,0.2260350764464335,0.009635217629929176,100,11.59905065923563,0.07812492851492717
71.8925,2.707894708071198,0.12210412541084954,quadratic,6.353752638084481e-06,0.0032174634712876372,0.0018463054861759557,3.9084674192213558,0.04521244525732184,0.38458865371943046,0.004720375136946397,0,623664685994.0706,-102.90778440325329,93.29974928794327,1.9270715142119852,0.7189249999999999,0.027078947080711985,0.84101,0.030443881158617077,374.7808002817321,5.987264549758874,26.874848670293268,1.1700331708833185,0.22603916167837088,0.009635356871945763,100,11.598731103178425,0.07813072910864688
71.891375,2.7068109666866285,0.12206037559967747,quadratic,7.564633275546291e-06,0.0032173208904053142,0.0018492160634443655,3.908390793931331,0.04521608133505567,0.3845852919205742,0.004720810670744943,0,623659236791.6614,-102.97756634044279,93.29989250879004,1.9270679406611595,0.7189137499999999,0.027068109666866288,0.8409549999999999,0.030445656094096572,374.7731458264149,5.988086016398575,26.874371847075064,1.1697970063072607,0.2260490299557225,0.009639236151976437,100,11.598853248987883,0.07814318319408922
71.88875,2.7023829183703776,0.12202162561051046,quadratic,9.006280202112796e-06,0.0032191114235264264,0.0018483451513034601,3.908263508010084,0.04523630515048228,0.3845803515646399,0.004721918963025104,0,623659221738.6572,-102.77318172860883,93.30011684107492,1.9270434142143928,0.7188874999999999,0.027023829183703784,0.84089,0.030472248029969822,374.7614021691795,5.991154171578951,26.872875664130326,1.16998233210353,0.22605957084658826,0.009644532227930222,100,11.598352016087038,0.07815752403700627
71.890875,2.7025851946562205,0.12193912561051107,quadratic,1.072267222010323e-05,0.003219989957638189,0.0018456003396298732,3.9081586371692003,0.045267060115176845,0.38457719632846077,0.004721488998706516,0,623659221746.9335,-103.53900115215369,93.30031258317572,1.9270043780812134,0.7189087500000001,0.027025851946562207,0.8408287499999999,0.030474180439143884,374.7512252489609,5.99291999238349,26.872337964091223,1.1703394733814858,0.22606736734491398,0.009638735299441628,100,11.598634030811002,0.07816774740905452
71.888875,2.703983401275792,0.12189787554638215,quadratic,1.2766169490574063e-05,0.0032207075640526394,0.0018607916333470476,3.908062132050454,0.04527409301143252,0.3845740751735618,0.004720559436279476,0,623658816045.654,-102.87589350422382,93.30049034464308,1.9270236807281178,0.71888875,0.027039834012757925,0.8407674999999999,0.030478040352850767,374.741455009877,5.992844627548528,26.87210043073813,1.1709530148133809,0.22608501061327796,0.009632875727308072,100,11.59915080277139,0.07818779131767763
71.8885,2.7023726149441347,0.12185516749175218,quadratic,1.5199110829529332e-05,0.00322426172906987,0.0018640012576301853,3.907906033746196,0.045303364312490046,0.3845699938014149,0.0047203024771344596,0,493525571351.82104,-103.6474572472676,93.30076362223032,1.9270011106361236,0.718885,0.027023726149441353,0.84072,0.030486990668152206,374.7271634066137,5.993146917687825,26.87111908764112,1.1722170430075274,0.22609756528686287,0.009638205901898098,100,11.599389519051195,0.0782034851544426
71.885875,2.7041820361016753,0.12179263755498951,quadratic,1.8095715412433218e-05,0.0032299892570554828,0.001879491377382915,3.9076853164392977,0.04533718772893536,0.3845629420777433,0.004722125451630611,0,439651767482.7944,-102.11071765117367,93.30114836074111,1.9269417254039305,0.71885875,0.027041820361016752,0.84063,0.030513982041025057,374.70695908082405,5.996721210818185,26.868413338116962,1.172511186577333,0.2261169132376295,0.009638220106020655,100,11.598408805801668,0.07822825681813977
71.885,2.7033359021771606,0.12168885322522724,quadratic,2.1544346900318867e-05,0.0032311218651956846,0.0018870600125559876,3.9074612676584746,0.04540134081845809,0.38455441156439585,0.004723232944885368,0,423655858184.8728,-100.96381901895589,93.30152635285555,1.9269181559641353,0.71885,0.027033359021771605,0.8405187500000001,0.03054534986601888,374.6867026164205,6.00177405561624,26.866441560497847,1.1744271981265277,0.2261440503994534,0.00964077693335915,100,11.598188002246676,0.07826195494581463
71.881875,2.7038715732029512,0.12156533312388171,quadratic,2.565020905680046e-05,0.0032345240543033035,0.001898609105855598,3.9071626509520336,0.04542059007111418,0.3845446041947665,0.004724108004551246,0,643873081095.105,-102.24175192297129,93.30203995508121,1.926907202781678,0.7188187500000001,0.02703871573202951,0.8403625000000001,0.03051710329880606,374.65949074084324,6.003569407166072,26.864378253874705,1.1741947623791373,0.2261746857987339,0.009631500865769136,100,11.598458272880181,0.07830013318342428
71.880375,2.703990543506948,0.12139408861061804,quadratic,3.053855508833412e-05,0.003237228226283654,0.0019007079737869326,3.9067750341755785,0.04546690230919126,0.3845316755308723,0.004725246984382972,0,644154832558.0784,-101.37724204078573,93.3027260241675,1.9269062698947264,0.7188037500000001,0.027039905435069483,0.84017625,0.030524685681223643,374.62334029840946,6.00743056144459,26.860098570776444,1.1748154799275414,0.2262116257270328,0.009627710602445758,100,11.597207403118853,0.07834701624045273
71.879625,2.7002101509651055,0.12119661453586639,quadratic,3.6358508611685774e-05,0.003234424908713249,0.0018981262345669162,3.9063535452246922,0.04554416688021799,0.38451961098914483,0.0047231441248869275,0,-1219115386571.1548,-100.63017181041106,93.30342475376293,1.9269095354203951,0.7187962500000001,0.027002101509651065,0.8399725,0.03049711861389531,374.58596147539026,6.013311005329518,26.85597660129795,1.178175990627762,0.22626047248474196,0.009629745134622766,100,11.596378581008429,0.07840514124949868
71.878125,2.7041674290574167,0.12099160395404346,quadratic,4.328761281083062e-05,0.0032415949548189856,0.0019161060827501063,3.9058763082211483,0.04567736312853648,0.38450365231786315,0.004723370830180941,0,-1237739875290.1416,-102.08049915607221,93.30424379268987,1.9267871861604127,0.71878125,0.027041674290574174,0.8397537500000001,0.030487732958314556,374.54288437514185,6.019823093857624,26.850822232168717,1.1803955266424184,0.22630297548936945,0.009621158758785374,100,11.594952497045453,0.07845991684359327
71.88125,2.6997496990461913,0.12072035394937876,quadratic,5.1537246559616424e-05,0.0032393428523254412,0.0019163822822149648,3.905331119940565,0.04571516301371144,0.3844859366004396,0.0047262195800398124,0,-1209931715651.2515,-100.34943266121769,93.30514271115548,1.9268719657520983,0.7188125,0.026997496990461917,0.8395149999999999,0.030481384072905873,374.4951424172758,6.024159748580234,26.844866566484882,1.1811376971123,0.2263588962963389,0.009599169196936437,100,11.593255410108657,0.07852946085282164
71.87575,2.7040824575999896,0.1204710961553932,quadratic,6.135907273413175e-05,0.0032470897266005314,0.001923607249275809,3.904600431556326,0.04583376705769963,0.3844595567191046,0.004727654467063245,0,-1172880793535.8755,-101.58153196841147,93.30636554767612,1.9268672566591014,0.7187574999999999,0.027040824575999902,0.83921,0.030367349242237125,374.43029498890695,6.033900885714568,26.837355360465516,1.1827969863119494,0.226433008792095,0.009591204383153324,100,11.59145083035567,0.0786238580394446
71.876,2.7040939332796854,0.12016234843259611,quadratic,7.305271542664449e-05,0.003254230259174986,0.0019457542195432387,3.9037878772520496,0.04596397479333347,0.38443347370220143,0.004728317457104508,0,-1159653816001.5215,-103.41377426635518,93.30779329976882,1.9269108026952693,0.71876,0.02704093933279686,0.838905,0.030357058075511856,374.3554115956025,6.039793497553057,26.829512586167425,1.1871282848205975,0.22650292472901878,0.009593991755873882,100,11.589952795587362,0.07871382902627758
71.874875,2.7034179725626966,0.11974727044924427,quadratic,8.697490026177834e-05,0.0032676368632960466,0.0019527324537668052,3.9028228104468616,0.04607103185907676,0.3844023230457256,0.00473374633974385,0,-1263619619501.8828,-101.6864778598799,93.30943660039053,1.927119983807999,0.7187487499999999,0.02703417972562697,0.8384725,0.03038489334768183,374.26891137223083,6.0465974177170905,26.820065154791614,1.1905113625739028,0.22658962889017265,0.009600793845396135,100,11.588039265047277,0.07882448292722229
71.871,2.716267475783635,0.11923839819909779,quadratic,0.00010355033664891318,0.003280859852433929,0.001987284921766864,3.9016248802870535,0.04622208792461033,0.38436387333518696,0.004735088380052441,0,-1260213032669.2104,-106.29434560545357,93.31151656172783,1.9272152378389389,0.7187100000000001,0.027162674757836354,0.8379249999999999,0.030417007988952492,374.15824523140583,6.055548015829409,26.810050505969393,1.193072587050579,0.2267229909554882,0.009613525237455567,100,11.587373799494431,0.07898740383026058
71.867125,2.7180819035442987,0.11872345201862347,quadratic,0.0001232846739442066,0.0032820801507524536,0.0020004536491597565,3.9001639512361037,0.04643554312943877,0.38431401822110883,0.004740166696394049,0,-1268119714010.546,-111.952639076699,93.31397042786753,1.9271670310766702,0.71867125,0.027180819035442994,0.8373712499999999,0.030464769380999745,374.0293418386128,6.069418712125058,26.7976665751806,1.194781588166192,0.2268471924970904,0.00962626661874786,100,11.58638772865898,0.07914992789583562
71.869875,2.7169270296375276,0.11804091132797799,quadratic,0.00014677992676220705,0.0032988323182891327,0.0020008922208367874,3.898470285528757,0.04673335750324445,0.3842534691153626,0.004741221473020541,0,544299136945.5807,-107.61920934612588,93.31682945557277,1.9269993651661055,0.71869875,0.02716927029637528,0.83671875,0.03047656310080747,373.8799398395417,6.083040660770345,26.77913172236861,1.1995158058495825,0.22697620473486096,0.009632997264812272,100,11.581061155217942,0.07932547620767004
71.8295,2.663537075018856,0.11669139531185214,quadratic,0.0001747528400007683,0.0032904453484473707,0.001991018577077177,3.8971773387968063,0.0472249050406222,0.38420223382537816,0.004643336639889382,0,92656520255.46756,-107.6136020121704,93.30197201971905,1.9245714328316093,0.7182950000000001,0.02663537075018856,0.8349862499999999,0.02986385458941125,373.76605512972895,6.091850775099971,26.774637012530142,1.2076307917113522,0.2273157628109385,0.009440398581641888,100,11.586645802498788,0.07970440633452794
71.827875,2.658852757182127,0.11561919744654744,quadratic,0.00020805675382171715,0.0032907607875976934,0.002044169186128441,3.894593924589594,0.04758826905753326,0.3841093008121206,0.004641670798306857,0,242250997954.06924,-102.15359067087651,93.3062924982788,1.9247623659158053,0.71827875,0.026588527571821275,0.8338812499999999,0.029892698078920536,373.53884934586284,6.099002991563988,26.748848220833132,1.2147070659274433,0.22753940088706845,0.009395189456680773,100,11.580986383382955,0.07999944591669231
71.81225,2.650848908840336,0.11449471773778498,quadratic,0.0002477076355991714,0.003305847295809257,0.0021382895167273252,3.891357907133054,0.04805829562052219,0.38399095669916644,0.004659309190219725,0,214419083606.16898,-100.59314878405982,93.31176049957344,1.9249256708420694,0.7181225000000001,0.026508489088403364,0.83260125,0.03001742824489632,373.25241830424704,6.124244513485229,26.718752583272178,1.2189548450813417,0.22780002042263697,0.009412138825420076,100,11.576086221865236,0.08035096559589587
71.7945,2.6500980642232848,0.11309680675683893,quadratic,0.0002949150729647068,0.0033440115323671274,0.0021581043571449426,3.887762352330948,0.0486335273356255,0.3838501197695505,0.004678466696381674,0,288423214475.88184,-100.54541504023334,93.31790871199836,1.9252254836771767,0.717945,0.026500980642232847,0.83102625,0.030098327377738106,372.93061374968954,6.149201391882329,26.682515529612665,1.2248205701512176,0.22808789935388335,0.0094137315744009,100,11.5678194214108,0.08074698490678504
71.76975,2.660918062906109,0.11145326756668962,quadratic,0.0003511191734215135,0.003383074210659167,0.0022162863484126633,3.883278880426765,0.04952418504175644,0.383666118979768,0.004690568330587926,0,370074545326.6302,-97.90620271827328,93.32541650770197,1.9250306180498649,0.7176975,0.02660918062906109,0.82913625,0.030122938700224772,372.53764913587844,6.193590508210238,26.642411052493507,1.2328221025335915,0.22843939612117906,0.009411815460889242,100,11.56255618932496,0.08123970526818156
71.757625,2.668075965817877,0.10942456067578078,quadratic,0.00041803449618514534,0.0034054399655643326,0.002201589989065026,3.8780839625627013,0.05032404781970785,0.3834514909832805,0.004734264352208141,0,290168653314.2778,-100.74966695240246,93.33402857531276,1.925422169273068,0.7175762499999999,0.026680759658178777,0.82698375,0.030370869858097563,372.08757665527656,6.243750745996562,26.5945405132494,1.2466487093208314,0.22882877739821306,0.009504640828468115,100,11.555005292563374,0.0817937314609122
71.750375,2.663655825998359,0.10695382743176823,quadratic,0.0004977023564332114,0.0034139540306981795,0.0022440083271637254,3.871535060217019,0.05138479683370292,0.3831577423864091,0.00477747420754461,0,531843082313.021,-104.57011839070444,93.34487412964222,1.9259046373397266,0.7175037500000001,0.02663655825998359,0.82445875,0.030505852691532803,371.5221412773259,6.294850401224002,26.537910835127533,1.2577424567694497,0.22929193044775031,0.009534324105092862,100,11.549127112637933,0.08248207489710045
71.706375,2.655966746662126,0.1043221388574706,quadratic,0.0005925530975545675,0.003474936715797452,0.0022536511254884796,3.863691997932867,0.05277696225656471,0.38278364371086443,0.004847771775935297,0,365995611767.12573,-99.20042248500894,93.35809573412506,1.9255925093415318,0.71706375,0.026559667466621268,0.82137875,0.03076177089241611,370.836633865587,6.376980343861922,26.473772772402803,1.272447143193442,0.22978047354511918,0.009574427187453828,100,11.54565691751233,0.08325715565255318
71.637,2.655839038797344,0.10165882536583143,quadratic,0.0007054802310718645,0.003541164070788278,0.0024043468632373734,3.8541315122311866,0.05478176835047461,0.3823061920805717,0.004941699003122079,0,722055132752.4188,-93.31004955553571,93.37405078635656,1.9257218875288191,0.71637,0.02655839038797344,0.8180187499999999,0.03093076378684333,370.01466605342074,6.484593984709184,26.392292370621714,1.2893237683818757,0.23026477718509664,0.009621819680284941,100,11.537962657048261,0.08410675268194964
71.591375,2.6811192829441586,0.09824921231968985,quadratic,0.0008399287059458476,0.0036408277161937347,0.002559663023207259,3.842027630568742,0.05674646914507054,0.38168403884639746,0.005084914370096797,0,-324170525198.3418,-95.02838654622394,93.39404836462677,1.9266620410866369,0.7159137499999999,0.02681119282944159,0.8141412500000001,0.03093481127205238,368.9852065098082,6.583692764799279,26.2833082020641,1.3102786771653674,0.2308563902639052,0.009632590128917823,100,11.522131888010438,0.08517368475380697
71.46175,2.669463792131296,0.09470219487451849,quadratic,0.001,0.003722168094561823,0.002691044866214102,3.827928033375043,0.05941303609784238,0.380903914589715,0.005249364108692914,0,682807843331.0522,-103.1073506452226,93.41777114992313,1.9271246724024482,0.7146175,0.02669463792131296,0.8092925,0.03119814808205767,367.7666306093159,6.741951831346634,26.165770204475216,1.32850609609213,0.2315051227069437,0.009735638065537424,100,11.51273717577669,0.08641733055717479
71.298,2.671927394223129,0.09067180403248185,quadratic,0.0011905772393787845,0.003867371927009546,0.0030284406397165613,3.8102741476356394,0.06244611024835986,0.3798778065671539,0.005437540315002959,0,70640388865.95294,-104.27580139558229,93.447350051472,1.9271447198332092,0.7129800000000001,0.026719273942231288,0.80363125,0.031382344135476865,366.2539497116006,6.919481958688742,26.02301205437095,1.3539206547738265,0.23217983791825153,0.009832641683583778,100,11.504822974230452,0.08787268999597952
71.079625,2.7360162388726788,0.08607450291233755,quadratic,0.0014174741629268048,0.003974820505222738,0.003153424590958051,3.788920184781658,0.06606323655524131,0.3785639326111013,0.005686572674201476,0,1063784846134.4382,-115.24951916307413,93.48295783449855,1.9276578965266729,0.7107962499999999,0.027360162388726784,0.79681375,0.03143780066953634,364.44266735177877,7.110618930466557,25.84737194258335,1.383837042521835,0.23279770130676714,0.009891730077652592,100,11.491455775937478,0.0894870502327847
70.807375,2.764330047113586,0.08114739434361551,quadratic,0.0016876124757881487,0.004223103363066709,0.003573022335748627,3.7620621740267364,0.07077330594120876,0.37680405124466176,0.006067078386687466,0,-319644909606.02435,-105.82357997990651,93.52827731167487,1.9278316136579063,0.70807375,0.02764330047113585,0.789195,0.03166112719092609,362.149899248822,7.427887508376961,25.63474087013438,1.4174141341833002,0.23333358681776045,0.010058089230078964,100,11.481629068891607,0.09135229378337074
70.461875,2.8038449465644493,0.07623668197343358,quadratic,0.002009233002565046,0.004401613275675766,0.0038170236210772145,3.729804375957324,0.07550839099806515,0.37459159000859055,0.006496833514761905,0,1022273834650.8752,-121.21403049871444,93.58325183965539,1.9290937148205436,0.7046187500000001,0.028038449465644485,0.78081125,0.03189756061891724,359.3894065095435,7.744369498024715,25.382071186569448,1.4475713076889494,0.23356891278330322,0.010248759144252282,100,11.470630503659045,0.09325005347813924
69.9935,2.791273499677164,0.0713623870110289,quadratic,0.0023921470814626386,0.004682147312512939,0.004215229785965367,3.6904019195314195,0.08071461021707832,0.37170588100699986,0.007002413030664915,0,-781918594355.9965,-107.5747531737359,93.65075764657641,1.9307235962705018,0.699935,0.02791273499677162,0.77126125,0.03202962298306836,356.0203588811839,8.087383194909163,25.074914375942242,1.4874350279621813,0.23344405760941006,0.01049910044019947,100,11.455848048261057,0.09527879563422012
69.4015,2.8567110021841553,0.06676293841115648,quadratic,0.0028480358684358047,0.005099067269516518,0.0045164918174842444,3.642604610876846,0.08632401910641475,0.36808332534095867,0.007613221211296481,0,-3263565833421.319,-121.09100063518093,93.73355661691046,1.932090315160857,0.6940149999999999,0.028567110021841535,0.7607275,0.032039752554444,351.90791033920664,8.505554817332538,24.703446270454606,1.5297552304039295,0.23289405589012224,0.010821510639948156,100,11.43487791927335,0.09740872149606422
68.67975,2.8957624104024835,0.06213204046477703,quadratic,0.003390806681894053,0.005520006734637032,0.005337945432217058,3.585130096842206,0.09183931102602133,0.3634833672752172,0.008305880060667613,0,-762417109580.5992,-95.92475626345608,93.83453265605311,1.9338705379532195,0.6867975000000001,0.028957624104024818,0.74890125,0.0324438784432056,346.91938511014945,8.991952087742087,24.24486182096939,1.5593215095953281,0.2316885207649736,0.011306952983035103,100,11.391704009685586,0.09956836247924315
67.867,2.957796646154025,0.057417773209514744,quadratic,0.004037017258596558,0.005921457596365855,0.005940506191604644,3.5170111901014938,0.09762786928085863,0.35774616839169526,0.00901219245460595,0,-1085225114471.7251,-94.93303548962254,93.95622516262796,1.937031511735145,0.6786700000000001,0.029577966461540234,0.7360325,0.03241502651163502,340.94209420664646,9.468477450441583,23.70118752307765,1.6066167689035122,0.22954183185110677,0.011785784408442563,100,11.331819811778525,0.10155951085216759
66.970375,2.9424899930798407,0.053550273385333455,quadratic,0.004806380863064389,0.006497642152294583,0.006395646173219227,3.4381464433961995,0.10306284719104386,0.3508079384780717,0.009629096549263553,0,-1219113106693.741,-82.39593723280723,94.09928343243018,1.938149677065058,0.66970375,0.029424899930798394,0.72320875,0.03236110973742248,333.9556869080622,9.919649912902104,23.026023997976328,1.6241294224268952,0.22621170898562026,0.012394526857505164,100,11.205173031738392,0.10314549928638574
65.986625,3.037671165444838,0.049882914719525315,quadratic,0.00572236765935022,0.006891449087611436,0.006830799768320932,3.3453576630027673,0.1083673984592949,0.34232402665221956,0.010390461468734187,0,346316243126.0363,-72.19120106923704,94.27201057263294,1.9420543867275533,0.65986625,0.030376711654448375,0.7097187499999998,0.032581948966222074,325.56955765513914,10.436443733028149,22.222393352254294,1.640002864461994,0.22120715280785958,0.013117504052356729,100,11.030975458842958,0.10402141358447003
64.898875,3.0716687214566285,0.04662864169718681,quadratic,0.006812920690579622,0.007392639738551473,0.007541803806288234,3.24221521118109,0.11203210476255007,0.33257217233394637,0.010986286043454616,0,-2214941817769.415,-62.824375771430304,94.4672025765137,1.943633124305754,0.6489887500000001,0.03071668721456629,0.6955749999999999,0.03251144990614843,316.1221830736715,10.82507566294563,21.339069740757914,1.6500499425784565,0.2149626396190763,0.01390930466638517,100,10.827110265143874,0.10435838980815618
63.7495,3.111470673170486,0.04392843307188259,quadratic,0.008111308307896872,0.007827504289718195,0.007621691033490354,3.1244415108080257,0.11494218661584617,0.3211756346682947,0.011518565013127327,0,-5866501967496.12,-59.48694149496883,94.6936958950571,1.9464303845669793,0.6374949999999999,0.031114706731704876,0.6813637499999999,0.03291660198042166,305.1965330754299,11.184192802562011,20.313247554713342,1.625537612945924,0.20698232137315037,0.014553592077064357,100,10.551112800253005,0.10382853306856848
62.579375,3.175051119175092,0.0414499546516039,quadratic,0.009657139052966059,0.00821347203905059,0.007783065574741024,2.994705160288056,0.11762771765433044,0.30823715352185477,0.011902456113292154,0,68743926533.7266,-40.4749067088305,94.94783551211063,1.9489086005337193,0.62579375,0.03175051119175093,0.6671512500000001,0.03358082970144572,292.9855328175217,11.521821621918837,19.13466497187506,1.613485922374484,0.19706270828066866,0.015249538470829032,100,10.16640597481915,0.10205256546941319
61.462875,3.2454000884906313,0.03904125182135971,quadratic,0.011497569953977356,0.00837267497898358,0.007705968970641512,2.8519972840165977,0.117294766497363,0.293684446846391,0.012198217976236199,0,-178648608687.02325,-35.6771880348625,95.23190431859358,1.953680981341666,0.6146287500000001,0.03245400088490633,0.653605,0.033746910599342275,279.37530060594156,11.630740951645077,17.834512080450708,1.585434628740943,0.18519854614723177,0.01574450383555329,100,9.70062357241266,0.09894799182776111
60.350125,3.2533501939347076,0.03647500064857406,quadratic,0.01368874509537082,0.008622507451279513,0.007576934512476468,2.697854901639638,0.1157787966245197,0.2777421907300447,0.012141806375563745,0,613149223560.4177,-24.066664229765696,95.54221841608909,1.9565665848411313,0.60350125,0.03253350193934708,0.63989,0.0339361591816163,264.5328372379422,11.52121165029484,16.43108030442608,1.523591834935851,0.17173371415153016,0.015711900707708705,100,9.152659234125059,0.09459298964000562
59.2735,3.2643832112667166,0.03488750002248864,quadratic,0.016297508346206434,0.008935953163877635,0.007480685636027493,2.5329402137224832,0.11200996264939282,0.260425390330651,0.011927580301197152,0,1375047805385.328,-17.902986568078845,95.87765748094134,1.9597426608356774,0.5927350000000001,0.032643832112667165,0.6275325,0.033918821379139937,248.51526935333368,11.237722703449483,14.928792782428722,1.4403365779493214,0.15664600685643115,0.015463248763466478,100,8.513006656136223,0.08882462292755923
58.240875,3.3121525077168474,0.033047011752889655,quadratic,0.019403442495579157,0.009349191309698131,0.007401804561007829,2.361095519364492,0.10757098118753997,0.242175293787525,0.01156009020142947,0,-2590984229717.9243,-15.711758641702414,96.2299362072849,1.9622470561724368,0.58240875,0.033121525077168465,0.6153274999999999,0.03410634462603696,231.71532018834762,10.838474263010976,13.366212713599063,1.3548612623656056,0.14036626232311336,0.014991174258072866,100,7.791440662035983,0.0817173894020393
57.27425,3.334784391456215,0.031332833208286295,quadratic,0.023101297000831626,0.009899247197841916,0.007312923328947907,2.1828560265361303,0.10307831640600176,0.22328031351900002,0.01114962699668688,0,786826575843.6329,-13.075259762891989,96.57602824274433,1.9712428433413955,0.5727425,0.033347843914562136,0.60396,0.03464885856705817,214.21529115355156,10.370829727111651,11.780822900266942,1.2533564175397107,0.12339991756398849,0.014258906791255549,100,7.015962467681839,0.07354581915884555
56.375125,3.386540452198231,0.029579947493560688,quadratic,0.02750387840931946,0.010618140987755315,0.007249127324875939,2.000964378205388,0.09624359731021744,0.20383166875875441,0.010449828820527555,0,-1343581821066.3245,-10.301812404528368,96.95168006008245,1.9755011498288306,0.56375125,0.0338654045219823,0.59319875,0.03504718959399598,196.2848133834057,9.726055594353017,10.196165412147298,1.1413441344291135,0.10635765459550332,0.013097346917264033,100,6.1923069693004225,0.06481030540652474
55.560875,3.413875251730063,0.027242499999999854,quadratic,0.032745491628777317,0.011054154586439921,0.007126794225485539,1.819783343492046,0.08815999769987874,0.1844551326428042,0.009454830013443003,0,4725557322584.216,-10.856631551777678,97.3259483871128,1.9750281166128645,0.55560875,0.03413875251730061,0.58269875,0.03540556804285873,178.39767118905252,8.871701717838478,8.669091817567116,1.027639797994395,0.08983217022275042,0.011834938890068734,100,5.357480400316026,0.055808474264475924
54.738125,3.424550552171044,0.025395000000018826,quadratic,0.038986037025490715,0.011841531726045013,0.007217310320177129,1.6416305361639574,0.07943402683767553,0.1655176445919418,0.008533708598363424,0,1636654995081.037,-7.808389345816879,97.69267524550573,1.9758082678016975,0.5473812499999999,0.03424550552171043,0.5726062500000001,0.035242303570247775,160.8302782740779,8.046716373786774,7.246135820558242,0.8799950934287263,0.07445316904773591,0.01028571411084786,100,4.55118500329228,0.04705707837647156
53.982125,3.4304235138500028,0.023935491936379005,quadratic,0.04641588833612782,0.012900885176857547,0.0072145625102403394,1.4686435586083157,0.07033492180679742,0.14722990128531974,0.007505880815232429,0,573643172074.6608,-8.997182752629506,98.0475628432168,1.9787674155513357,0.5398212499999999,0.03430423513850002,0.5635650000000001,0.03493337623248,143.79147367310676,7.102272593217612,5.926332766981952,0.746746425093244,0.06034166213622307,0.008800542568641163,100,3.769418864740255,0.03866501830373808
53.23025,3.457019661138768,0.022383393772666984,quadratic,0.055261700198540875,0.014024700214636221,0.0071427182691170136,1.3050576716068443,0.06142648974910841,0.13002870432029232,0.006485448321869382,0,-4334290599529.225,-8.587621181180008,98.38264204225331,1.9825747561070717,0.5323025,0.034570196611387674,0.5544749999999999,0.035591422772909755,127.64433298017681,6.17627516425653,4.789314660647625,0.6158722117802804,0.04820527571488001,0.0071699936466577555,100,3.086139134427747,0.031297811767666
52.546,3.4919742267090115,0.02059889972493263,quadratic,0.06579332246575682,0.01497690975132115,0.0070906146642877544,1.1522130676221805,0.0524232352173202,0.11401312423057967,0.005507051726319864,0,4433941777347.217,-11.136046396131617,98.69570582030856,1.9831768381796637,0.52546,0.03491974226709012,0.545845,0.03570239452753834,112.51592867481644,5.284239834416518,3.809531246745328,0.4896942674893502,0.037709582335304116,0.005629885878713076,100,2.4819362935460125,0.024710589838486525
51.736,3.5085686540240313,0.01956494561820285,quadratic,0.07833203223083893,0.01693966507515475,0.0070717119563861956,1.010592508324096,0.04422631486814161,0.09930314196173379,0.004610876349132316,0,4612818210593.514,-7.496304177041585,98.98413419472195,1.98579479556838,0.5173600000000002,0.035085686540240316,0.5367225000000001,0.03594555596662819,98.52127267068639,4.471729214091997,2.9912526935578514,0.38343309286561633,0.029174326342787864,0.004352672075848181,100,1.9699554756770632,0.01931321233931561
51.093,3.5186078212838665,0.018108277069283384,quadratic,0.093260334688322,0.018287492019604286,0.007019473037042057,0.8820993466334871,0.0366942939761817,0.08608096309915775,0.003806623011597568,0,60339053022112.97,-7.118486337318567,99.24470011356004,1.988184324225758,0.5109300000000001,0.03518607821283868,0.52882375,0.035915580684954825,85.83698977271096,3.73322378655787,2.3174927308633806,0.2964659931855892,0.022294064583953607,0.0032960521012664547,100,1.5393934735321557,0.01488413237587505
50.409125,3.5341536093349144,0.01730788485606981,quadratic,0.1110336318167639,0.020477318958021462,0.006973644976942705,0.765233763420268,0.03030514573030112,0.07415373033420115,0.003087329365788687,0,-20463802744725.41,-6.220083177377898,99.48046150152709,1.9906833133511126,0.50409125,0.03534153609334915,0.52113625,0.03599126888479343,74.32546997732885,3.0693052987049585,1.776327695547193,0.2256204653539577,0.016763071806841535,0.0024493423975510365,100,1.1907449828688461,0.01126429608436411
49.826875,3.5564592974438773,0.015956270419703433,quadratic,0.13219411484660287,0.02253109748365642,0.006772077637432037,0.6615606991199825,0.024836235227691447,0.06363475099488167,0.002494275639874334,0,-14975380482242.734,-6.551764224439995,99.68928583516438,1.9920260533521934,0.4982687499999999,0.035564592974438786,0.5138900000000001,0.03622420323485391,64.09719881623973,2.509520415038801,1.350398500278747,0.17016494355333625,0.012504160030388112,0.0017634036977311194,100,0.9127359416586271,0.008454778496207519
48.990125,3.577258375400776,0.014695444248680556,quadratic,0.15738730431619044,0.02403560282195707,0.006575497431446941,0.5701968455446734,0.020322922202232405,0.05442258305940623,0.0020137114814807082,0,21974874648871.46,-4.7065180147321835,99.87258675262719,1.9933281504527842,0.48990125,0.03577258375400777,0.504235,0.036152313549757786,55.09192280689761,2.055327502820478,1.0269050606167933,0.1304018548344201,0.009308762051352,0.0012790146276105204,100,0.7017806179476971,0.00634694450449403
48.18875,3.568105020525601,0.013901730453454782,quadratic,0.18738174228603868,0.02710888253701128,0.00655989912462295,0.4897254050655599,0.016337263460528773,0.04636760946023041,0.0015938594123972548,0,-1013545178512986.0,-2.6752643119562527,100.0333586312339,1.9942043187792171,0.4818875,0.03568105020525602,0.49538625000000003,0.036193933344381084,47.17516901741093,1.653289351299995,0.7722656744195835,0.09594351389120918,0.006871958470388731,0.0009095658960619214,100,0.5324347020529568,0.004722003263332281
47.247375,3.49566597508615,0.01311987898651204,quadratic,0.22309243744089835,0.030295890637737938,0.006423501919240687,0.41967962065361286,0.013010854525722749,0.03938447967718955,0.0012697108818164446,0,-11719399556556.73,-2.8058949911425377,100.17313382117233,1.9957886259066393,0.47247374999999997,0.0349566597508615,0.48526125000000003,0.03549833444596381,40.277081625288645,1.3305734426125728,0.5822500660405232,0.07176153354545457,0.005058516126932035,0.0006345979203650374,100,0.40611908204856284,0.003507378887489079
46.232,3.5612042906859473,0.012090989735141297,quadratic,0.26560877829466895,0.03240966604682107,0.0060928401005505796,0.35901813493016105,0.010605784442796038,0.03338148437006773,0.0010123570435821246,0,80044697073239.89,-2.4694923890608296,100.29368193825319,1.9968594017368442,0.46232000000000006,0.03561204290685947,0.47397125,0.03617826244359312,34.31645625770896,1.0875530277293886,0.43786818761966045,0.055879384776278275,0.0037229052131547667,0.00045992867467062266,100,0.3089741664109291,0.0026085817144056904
44.953875,3.543585399616468,0.011348428953059406,quadratic,0.31622776601683794,0.03552937112072715,0.005840196095053533,0.3065514765571197,0.008456666174138698,0.028215758032774374,0.0007979342902652286,0,-1330133123935.0112,-5.129978854498255,100.3977579334259,1.998028154499144,0.44953875000000004,0.035435853996164675,0.46040500000000006,0.03570869606972509,29.16209791590044,0.8724064766781268,0.33006946606135656,0.04222017087006078,0.002734076785518547,0.0003286562659880972,100,0.2360956582820063,0.0019379477841544755
