Survive,Survive_bar,chi,dynamics,epsilon,lam_min,lam_min_cor,mean_N,mean_N_bar,mean_R,mean_R_bar,mu,nu,nu_threshold,opti_f,opti_f_bar,phi_N,phi_N_bar,phi_R,phi_R_bar,power,power_bar,q_N,q_N_bar,q_R,q_R_bar,size,var_N,var_R
0.000375,0.019361285,0.99999625,quadratic,1.00E-08,,,3.43E-05,0.001772972,9.999845886,0.101626414,0,-3.75E-06,-0.01,0.000314461,0.016299518,3.75E-06,0.000193613,1,0,0.003202398,0.166094452,0.000314461,0.016299518,100.9975088,2.041547441,100,0.000314459,1.000591088
0.000375,0.019361285,0.99999625,quadratic,1.19E-08,,,3.43E-05,0.001772972,9.999845886,0.101626414,0,-3.75E-06,-0.01,0.000314461,0.016299518,3.75E-06,0.000193613,1,0,0.003202398,0.166094452,0.000314461,0.016299518,100.9975088,2.041547441,100,0.000314459,1.000591088
0.000375,0.019361285,0.99999625,quadratic,1.42E-08,,,3.43E-05,0.001772972,9.999845886,0.101626414,0,-3.75E-06,-0.01,0.000314461,0.016299518,3.75E-06,0.000193613,1,0,0.003202398,0.166094452,0.000314461,0.016299518,100.9975088,2.041547441,100,0.000314459,1.000591088
0.000375,0.019361285,0.99999625,quadratic,1.69E-08,,,3.43E-05,0.001772972,9.999845886,0.101626414,0,-3.75E-06,-0.01,0.000314461,0.016299518,3.75E-06,0.000193613,1,0,0.003202398,0.166094452,0.000314461,0.016299518,100.9975088,2.041547441,100,0.000314459,1.000591088
0.000375,0.019361285,0.99999625,quadratic,2.01E-08,,,3.43E-05,0.001772972,9.999845886,0.101626414,0,-3.75E-06,-0.01,0.000314461,0.016299518,3.75E-06,0.000193613,1,0,0.003202398,0.166094452,0.000314461,0.016299518,100.9975088,2.041547441,100,0.000314459,1.000591088
0.000375,0.019361285,0.99999625,quadratic,2.39E-08,,,3.43E-05,0.001772972,9.999845886,0.101626414,0,-3.75E-06,-0.01,0.000314461,0.016299518,3.75E-06,0.000193613,1,0,0.003202398,0.166094452,0.000314461,0.016299518,100.9975088,2.041547441,100,0.000314459,1.000591088
0.000375,0.019361285,0.99999625,quadratic,2.85E-08,,,3.43E-05,0.001772972,9.999845886,0.101626414,0,-3.75E-06,-0.01,0.000314461,0.016299518,3.75E-06,0.000193613,1,0,0.003202398,0.166094452,0.000314461,0.016299518,100.9975088,2.041547441,100,0.000314459,1.000591088
0.0005,0.022355089,0.999995,quadratic,3.39E-08,,,4.39E-05,0.001968129,9.999836327,0.101630489,0,-5.00E-06,-0.01,0.000387546,0.017560024,5.00E-06,0.000223551,1,0,0.004016822,0.181349874,0.000387546,0.017560024,100.9974194,2.041561226,100,0.000387544,1.000692873
0.0005,0.022355089,0.999995,quadratic,4.04E-08,,,4.39E-05,0.001968129,9.999836327,0.101630489,0,-5.00E-06,-0.01,0.000387546,0.017560024,5.00E-06,0.000223551,1,0,0.004016822,0.181349874,0.000387546,0.017560024,100.9974194,2.041561226,100,0.000387544,1.000692873
0.000625,0.024992186,0.99999375,quadratic,4.81E-08,,,5.52E-05,0.002215071,9.999824958,0.101633706,0,-6.25E-06,-0.01,0.000490959,0.019844859,6.25E-06,0.000249922,1,0,0.004876418,0.196955271,0.000490959,0.019844859,100.9972988,2.041575896,100,0.000490956,1.000799655
0.00075,0.027375856,0.9999925,quadratic,5.72E-08,,,6.50E-05,0.002380091,9.999815215,0.101649876,0,-7.50E-06,-0.01,0.000566906,0.020973344,7.50E-06,0.000273759,1,0,0.005824716,0.214418703,0.000566906,0.020973344,100.9972039,2.041715644,100,0.000566902,1.000899606
0.000875,0.029567455,0.99999125,quadratic,6.81E-08,,,7.53E-05,0.002551678,9.999804921,0.101676747,0,-8.75E-06,-0.01,0.000651673,0.022299357,8.75E-06,0.000295675,1,0,0.006870899,0.233918996,0.000651673,0.022299358,100.9970982,2.041969122,100,0.000651667,1.000999784
0.000875,0.029567455,0.99999125,quadratic,8.11E-08,,,7.53E-05,0.002551678,9.999804921,0.101676747,0,-8.75E-06,-0.01,0.000651673,0.022299357,8.75E-06,0.000295675,1,0,0.006870899,0.233918996,0.000651673,0.022299358,100.9970982,2.041969122,100,0.000651667,1.000999784
0.001,0.031606961,0.99999,quadratic,9.66E-08,,,8.57E-05,0.002717717,9.999794453,0.101679649,0,-1.00E-05,-0.01,0.000739333,0.02363503,1.00E-05,0.00031607,1,0,0.007925906,0.252203895,0.000739333,0.02363503,100.9969895,2.041984531,100,0.000739326,1.001100376
0.00125,0.035333235,0.9999875,quadratic,1.15E-07,,,0.000107461,0.003044601,9.99977273,0.101697075,0,-1.25E-05,-0.01,0.000928114,0.026475431,1.25E-05,0.000353332,1,0,0.010103285,0.287578026,0.000928114,0.026475431,100.9967572,2.042135495,100,0.000928103,1.001302491
0.0015,0.038700775,0.999985,quadratic,1.37E-07,,,0.000130526,0.003375354,9.999749665,0.101687619,0,-1.50E-05,-0.01,0.001141005,0.029700208,1.50E-05,0.000387008,1,0,0.012271092,0.318517119,0.001141005,0.029700208,100.9965009,2.041984282,100,0.001140988,1.001507537
0.001625,0.040278523,0.99998375,quadratic,1.63E-07,,,0.000141871,0.003524157,9.99973832,0.101710181,0,-1.63E-05,-0.01,0.001243981,0.031091615,1.63E-05,0.000402785,1,0,0.013381053,0.333587751,0.001243981,0.031091616,100.9963757,2.042214966,100,0.001243961,1.001609266
0.001875,0.043260656,0.99998125,quadratic,1.94E-07,,,0.000164369,0.003801135,9.999715822,0.101726083,0,-1.88E-05,-0.01,0.001447564,0.033697838,1.88E-05,0.000432607,1,0,0.015397663,0.357255838,0.001447564,0.033697838,100.9961318,2.042287599,100,0.001447537,1.0018153
0.002125,0.046048717,0.99997875,quadratic,2.31E-07,,,0.000188249,0.004089344,9.999691942,0.101748104,0,-2.13E-05,-0.01,0.001675817,0.036658384,2.13E-05,0.000460487,1,0,0.017834328,0.388976049,0.001675817,0.036658384,100.9958548,2.04250562,100,0.001675782,1.002015884
0.002625,0.051167464,0.99997375,quadratic,2.75E-07,,,0.000232229,0.004536158,9.999647962,0.101759699,0,-2.63E-05,-0.01,0.002063066,0.040540529,2.63E-05,0.000511675,1,0,0.022049676,0.432610843,0.002063066,0.040540529,100.9953833,2.042528129,100,0.002063012,1.002423915
0.002875,0.053541894,0.99997125,quadratic,3.27E-07,,,0.000255717,0.004772022,9.999624474,0.101780518,0,-2.88E-05,-0.01,0.002283758,0.042865708,2.88E-05,0.000535419,1,0,0.024395959,0.457242449,0.002283758,0.042865708,100.9951157,2.04270887,100,0.002283693,1.002626037
0.003375,0.057996632,0.99996625,quadratic,3.90E-07,,,0.000300406,0.005175021,9.999579785,0.101833524,0,-3.38E-05,-0.01,0.002687109,0.04661929,3.38E-05,0.000579966,1,0,0.028819542,0.498818986,0.002687109,0.04661929,100.9946238,2.043197373,100,0.002687019,1.003027964
0.004125,0.066015031,0.99995875,quadratic,4.64E-07,1,9.304336899,0.000369797,0.005951999,9.999510394,0.101911874,0,-4.13E-05,-0.0103125,0.00333544,0.054268821,4.13E-05,0.00066015,1,0,0.035220237,0.570123055,0.00333544,0.054268821,100.9938475,2.043901972,100,0.003335304,1.003639366
0.00475,0.070550957,0.9999525,quadratic,5.53E-07,1,9.304336899,0.00042621,0.006367518,9.999453981,0.101923085,0,-4.75E-05,-0.01027027,0.00385183,0.058245642,4.75E-05,0.00070551,1,0,0.040679536,0.610699389,0.00385183,0.058245642,100.9932219,2.043923766,100,0.003851649,1.004141985
0.006,0.078828929,0.99994,quadratic,6.58E-07,1,9.304336899,0.000541254,0.007152377,9.999338937,0.10192102,0,-6.00E-05,-0.010212766,0.004924082,0.065921674,6.00E-05,0.000788289,1,0,0.051864026,0.688698512,0.004924082,0.065921674,100.991926,2.043670578,100,0.004923789,1.005146801
0.007625,0.088413005,0.99992375,quadratic,7.83E-07,1,9.304336899,0.000681996,0.007952974,9.999198195,0.101985202,0,-7.63E-05,-0.010166667,0.006150627,0.072668603,7.63E-05,0.00088413,1,0,0.06667533,0.781163803,0.006150627,0.072668604,100.9904032,2.044054299,100,0.006150162,1.00643865
0.00875,0.094463948,0.9999125,quadratic,9.33E-07,1,9.304336899,0.000790079,0.008575428,9.999090112,0.102051878,0,-8.75E-05,-0.010144928,0.007195354,0.079115839,8.75E-05,0.000944639,1,0,0.077718462,0.847875306,0.007195355,0.079115839,100.9891376,2.044561411,100,0.00719473,1.007334538
0.009625,0.098905811,0.99990375,quadratic,1.11E-06,1,9.304336899,0.000869785,0.008986838,9.999010406,0.10209671,0,-9.63E-05,-0.010131579,0.007931115,0.083078834,9.63E-05,0.000989058,1,0,0.085739069,0.889813635,0.007931115,0.083078834,100.9882414,2.044919334,100,0.007930358,1.008032341
0.013375,0.11595736,0.99986625,quadratic,1.32E-06,1,7.12898853,0.001193906,0.010387498,9.998996761,0.099925284,0,-0.00013375,-0.01009434,0.010787468,0.095346603,0.00013375,0.001159574,1,0,0.12001133,1.049577154,0.010787468,0.095346604,100.989337,1.994748422,100,0.010786043,1.009400825
0.0155,0.124538147,0.999845,quadratic,1.57E-06,1,7.12898853,0.001387251,0.01118814,9.998803415,0.100104704,0,-0.000155,-0.010081301,0.012564809,0.102931848,0.000155,0.001245381,1,0,0.139167569,1.127786116,0.01256481,0.102931849,100.9871766,1.996321627,100,0.012562885,1.011106842
0.01825,0.134784782,0.9998175,quadratic,1.87E-06,1,7.12898853,0.00163155,0.012099807,9.998559116,0.100219365,0,-0.0001825,-0.010068966,0.014761644,0.111261536,0.0001825,0.001347848,1,0,0.164515687,1.225618313,0.014761644,0.111261537,100.9844728,1.997002522,100,0.014758982,1.013288385
0.022375,0.15041396,0.99977625,quadratic,2.23E-06,1,7.780907665,0.002004339,0.013519345,9.998186327,0.100431542,0,-0.00022375,-0.010170455,0.018157745,0.124262403,0.00022375,0.00150414,1,0,0.201480467,1.365703213,0.018157745,0.124262404,100.9803374,1.998389626,100,0.018153728,1.016607556
0.027625,0.166918721,0.99972375,quadratic,2.66E-06,1,8.10771849,0.002495566,0.015131035,9.9976951,0.100622328,0,-0.00027625,-0.010184332,0.022784989,0.140083139,0.00027625,0.001669187,1,0,0.249553177,1.517332129,0.022784989,0.14008314,100.9747487,1.999462638,100,0.022778761,1.020841374
0.0335,0.182695785,0.999665,quadratic,3.16E-06,1,8.10771849,0.003041231,0.016643952,9.997149436,0.100949395,0,-0.000335,-0.010151515,0.027894406,0.154759134,0.000335,0.001826958,1,0,0.303632279,1.667174058,0.027894406,0.154759135,100.9685577,2.00203275,100,0.027885157,1.025560849
0.03825,0.195030607,0.9996175,quadratic,3.76E-06,1,8.12256355,0.003471982,0.017760325,9.996718685,0.101158524,0,-0.0003825,-0.010166113,0.031834597,0.16501861,0.0003825,0.001950306,1,0,0.347128034,1.78178591,0.031834598,0.165018611,100.9637476,2.003454068,100,0.031822543,1.029363121
0.044375,0.210726978,0.99955625,quadratic,4.48E-06,1,8.193295747,0.004012253,0.019121298,9.996178414,0.101383565,0,-0.00044375,-0.010230548,0.036673021,0.17725801,0.00044375,0.00210727,1,0,0.400703701,1.916060252,0.036673021,0.177258011,100.9578376,2.004538508,100,0.036656923,1.03425477
0.052,0.229773802,0.999482435,quadratic,5.34E-06,0.928571429,7.643405739,0.004683987,0.02075253,9.99550668,0.101789955,0,-0.000517565,-0.01032419,0.0427714,0.192447775,0.00052,0.002297738,1,0,0.46866128,2.084859885,0.042771401,0.192447776,100.9503801,2.00730234,100,0.042749461,1.040226327
0.06225,0.25024975,0.999379922,quadratic,6.35E-06,0.941176471,7.615517106,0.005594184,0.022533774,9.994596483,0.102220943,0,-0.000620078,-0.010333333,0.050919095,0.208040093,0.0006225,0.002502498,1,0,0.560549318,2.266914945,0.050919095,0.208040094,100.9403947,2.010179022,100,0.0508878,1.048435809
0.073375,0.271553143,0.999268659,quadratic,7.56E-06,0.952380952,7.691039119,0.006590969,0.024444545,9.993587332,0.102695284,0,-0.000730716,-0.010363475,0.060083153,0.226367274,0.00073375,0.002715531,1,0,0.658090255,2.451908465,0.059960824,0.225605145,100.9292798,2.013264333,100,0.059917383,1.057492023
0.088875,0.298707607,0.999113639,quadratic,9.01E-06,0.964285714,7.85025328,0.007988885,0.026908148,9.992189416,0.103300654,0,-0.000885736,-0.010419118,0.07282357,0.248991367,0.00088875,0.002987076,1,0,0.797239255,2.700221088,0.072701241,0.248304967,100.9137564,2.017128133,100,0.072637419,1.069907063
0.106875,0.32894184,0.998933617,quadratic,1.07E-05,0.97826087,8.199059545,0.009622972,0.029724196,9.990555329,0.104159224,0,-0.001065758,-0.010576923,0.087842232,0.275639576,0.00106875,0.003289418,1,0,0.959383862,2.983357808,0.087719903,0.275026373,100.8954948,2.022983157,100,0.087627301,1.08429905
0.126375,0.35763719,0.998738592,quadratic,1.28E-05,0.984615385,8.215885612,0.011380763,0.032317277,9.988797538,0.104825982,0,-0.001260783,-0.010694592,0.103902651,0.299728838,0.00126375,0.003576372,1,0,1.135696795,3.241964835,0.103780322,0.299171583,100.8759082,2.026461211,100,0.1036508,1.099831895
0.150125,0.388056033,0.998501063,quadratic,1.52E-05,0.987951807,8.288785862,0.013536453,0.035137294,9.986630184,0.105598928,0,-0.001497687,-0.010763702,0.123822619,0.327388462,0.00150125,0.00388056,1,0,1.348902946,3.517786216,0.123591437,0.326012137,100.8517241,2.030626883,100,0.123408201,1.11894164
0.181625,0.4241313,0.998186023,quadratic,1.81E-05,0.991071429,8.256303124,0.016346721,0.038323895,9.983819916,0.106622639,0,-0.001812727,-0.010869565,0.149250998,0.35629714,0.00181625,0.004241313,1,0,1.627779117,3.83128431,0.149019816,0.355049459,100.8207182,2.036683821,100,0.1487526,1.144058059
0.212875,0.459683842,0.997873484,quadratic,2.15E-05,0.993506494,8.300836579,0.0191748,0.041560574,9.980968808,0.107959094,0,-0.002124016,-0.011046814,0.175333594,0.386755891,0.00212875,0.004596838,1,0,1.910986163,4.160981779,0.174889609,0.38500499,100.7889714,2.045947151,100,0.174521936,1.169233083
0.256375,0.505120638,0.99743843,quadratic,2.57E-05,0.995475113,8.313949019,0.023054634,0.045570985,9.977076894,0.109424349,0,-0.002558445,-0.011300387,0.210525388,0.423331358,0.00256375,0.005051206,1,0,2.301284644,4.57146821,0.209964669,0.421439671,100.7459737,2.054468901,100,0.209433152,1.203910313
0.304625,0.549161733,0.996954619,quadratic,3.05E-05,0.996632997,8.34445447,0.027405397,0.049604771,9.972714012,0.111048735,0,-0.003041005,-0.011533902,0.250380864,0.461333172,0.00304625,0.005491617,0.99999875,0.000111796,2.738558625,4.978698112,0.249702647,0.459220065,100.6973727,2.064342254,100,0.248951591,1.242347956
0.359625,0.604396277,0.996409102,quadratic,3.64E-05,0.995327103,8.334824025,0.032352623,0.054588301,9.967766786,0.113466871,0,-0.003586522,-0.011982038,0.295581753,0.507571425,0.00359625,0.006043963,0.99999875,0.000111796,3.234563323,5.480048091,0.294903536,0.505712207,100.6422517,2.081173042,100,0.293856844,1.285877029
0.426,0.655952742,0.995747155,quadratic,4.33E-05,0.99471831,8.332182764,0.038334688,0.059302108,9.961773301,0.115474927,0,-0.004247843,-0.012339266,0.350403022,0.551806818,0.00426,0.006559527,0.99999875,0.000111796,3.827738928,5.94451519,0.349620473,0.549988144,100.575567,2.092960637,100,0.348150925,1.338639644
0.506125,0.708493108,0.994945605,quadratic,5.15E-05,0.995945946,8.348909738,0.045643274,0.064198414,9.954440836,0.117341116,0,-0.005048143,-0.012702958,0.418045023,0.598743198,0.00506125,0.007084931,0.99999875,0.000111796,4.553407783,6.430643884,0.417034012,0.596453624,100.4934116,2.101214965,100,0.414950704,1.402519213
0.602,0.774174399,0.993985743,quadratic,6.14E-05,0.995947315,8.331078996,0.054218348,0.070010878,9.945775593,0.120749287,0,-0.006001751,-0.013282591,0.49670402,0.652960198,0.00602,0.007741744,0.99999625,0.000193613,5.409577972,7.015704495,0.494878809,0.649149521,100.3976292,2.124199021,100,0.491939179,1.479177032
0.72375,0.845686666,0.992766383,quadratic,7.31E-05,0.996927803,8.366668072,0.065209438,0.076593521,9.93471442,0.124736666,0,-0.007216733,-0.013968773,0.597738502,0.716187489,0.0072375,0.008456867,0.999995,0.000223551,6.511903443,7.673108546,0.595255836,0.710974557,100.2745482,2.152120233,100,0.591003566,1.575997582
0.85775,0.918158449,0.991431431,quadratic,8.70E-05,0.995215311,8.345571331,0.077311895,0.083207468,9.922480491,0.128785678,0,-0.008541667,-0.014747246,0.709827754,0.779767028,0.0085775,0.009181584,0.99999,0.00031607,7.715206523,8.327108199,0.706180868,0.773072685,100.1383929,2.180300387,100,0.700203739,1.682773783
1.019,0.992289776,0.989826011,quadratic,0.00010355,0.994895592,8.331542249,0.091803778,0.089855731,9.907885123,0.133224129,0,-0.010139567,-0.015738294,0.842805055,0.842100796,0.01019,0.009922898,0.99998625,0.000370555,9.16106743,8.999591524,0.838202062,0.834819915,99.97649836,2.212121409,100,0.829774129,1.810310751
1.21625,1.079808287,0.987863226,quadratic,0.000123285,0.994160584,8.301745182,0.109497102,0.097800962,9.889981214,0.138398479,0,-0.012086673,-0.016992428,1.006083653,0.919490574,0.0121625,0.010798083,0.9999775,0.000473808,10.92522735,9.795201676,0.999496981,0.909891725,99.77793657,2.247661782,100,0.987507366,1.96620816
1.434625,1.164678543,0.985685464,quadratic,0.00014678,0.994096812,8.262260912,0.129041416,0.105286692,9.870146813,0.144156601,0,-0.01424812,-0.018475788,1.186568335,0.991215145,0.01434625,0.011646785,0.999975,0.000499375,12.8789548,10.53832094,1.177164834,0.978437251,99.55837734,2.290270443,100,1.160513147,2.138579219
1.723,1.294129437,0.982786413,quadratic,0.000174753,0.994662785,8.21853973,0.154852661,0.116978712,9.841406678,0.153324228,0,-0.017114565,-0.020744455,1.424955009,1.102361553,0.01723,0.012941294,0.99996125,0.000621288,15.48929465,11.74387568,1.411394474,1.085966063,99.22158156,2.375104083,100,1.387415128,2.36829616
2.05275,1.414113658,0.979506839,quadratic,0.000208057,0.993524875,8.168987559,0.184442873,0.127612806,9.811212532,0.162488748,0,-0.020357636,-0.023315608,1.700453198,1.204315061,0.0205275,0.014141137,0.99995,0.000705337,18.43394057,12.80795281,1.681240625,1.184057598,98.88719046,2.450138088,100,1.647221452,2.627299107
2.4355,1.529326567,0.975682675,quadratic,0.000247708,0.991699068,8.110564479,0.218709515,0.137930208,9.776148638,0.171277822,0,-0.024126645,-0.026353108,2.020123478,1.306102419,0.024355,0.015293266,0.99992,0.000890842,21.84998359,13.8416081,1.993387314,1.279608295,98.49919932,2.520822271,100,1.945553462,2.926117122
2.892375,1.66299184,0.971163788,quadratic,0.000294915,0.988781808,8.044136468,0.259639988,0.149677831,9.733929815,0.181972513,0,-0.028563023,-0.030136136,2.406180123,1.426197556,0.02892375,0.016629918,0.99988625,0.001072176,25.9373667,15.02079969,2.367371033,1.389208147,98.03139502,2.608467266,100,2.29995811,3.28200537
3.43175,1.800858667,0.965774826,quadratic,0.000351119,0.985748922,7.950432773,0.307893961,0.162092307,9.683976423,0.193065,0,-0.033846721,-0.034847399,2.862285965,1.552770504,0.0343175,0.018008587,0.9998425,0.001255067,30.73724288,16.24316091,2.807488878,1.50495993,97.47929166,2.699782797,100,2.712690187,3.6998923
4.057,1.940167776,0.959521993,quadratic,0.000418034,0.980978287,7.839801886,0.36369861,0.174551211,9.625675434,0.205732859,0,-0.0399358,-0.040523091,3.394479309,1.686329096,0.04057,0.019401678,0.99975625,0.001566233,36.30080408,17.4841317,3.316193572,1.62143417,96.8358271,2.810746276,100,3.183916893,4.18219953
4.801375,2.094975682,0.952156586,quadratic,0.000497702,0.973261624,7.708371988,0.430373133,0.188229808,9.555618825,0.219004922,0,-0.047083974,-0.047393697,4.03771182,1.836244166,0.04801375,0.020949757,0.99965,0.001878164,42.9470509,18.88066982,3.927813183,1.750939604,96.05966966,2.924394147,100,3.742592149,4.749818538
5.6515,2.263580736,0.943675081,quadratic,0.000592553,0.962484966,7.534457772,0.506309262,0.203316537,9.474666752,0.234041835,0,-0.05524617,-0.055418344,4.782024083,2.004406948,0.056515,0.022635807,0.999465,0.002315983,50.50108327,20.37645795,4.624736168,1.89510719,95.16427676,3.057389042,100,4.368387099,5.3949667
6.66,2.44354251,0.933817296,quadratic,0.00070548,0.945773136,7.320112935,0.595918417,0.218725209,9.378638924,0.250819619,0,-0.064691326,-0.064750988,5.664239571,2.178520446,0.0666,0.024435425,0.99924875,0.00277004,59.41307508,21.88398549,5.446447597,2.041854194,94.10382144,3.215467325,100,5.091328838,6.144953383
7.8185,2.605390134,0.922371829,quadratic,0.000839929,0.920403609,7.032121564,0.69807493,0.232609335,9.267789906,0.266278342,0,-0.075618142,-0.075628345,6.682726274,2.347268673,0.078185,0.026053901,0.99894,0.003324365,69.58014496,23.29242616,6.38286171,2.175361296,92.88199336,3.354681855,100,5.895553102,6.990063611
9.189625,2.795249069,0.908704555,quadratic,0.001,0.888310108,6.694799844,0.818674794,0.248856199,9.134890971,0.286231363,0,-0.088513721,-0.088513721,7.903866921,2.550253276,0.09189625,0.027952491,0.9984725,0.003970736,81.57152458,24.9009923,7.488265446,2.32921527,91.42102513,3.542279092,100,6.818037027,7.974792077
10.7605,2.992889866,0.89285859,quadratic,0.001190577,0.849231287,6.300508419,0.956391939,0.265362143,8.9798104,0.306173569,0,-0.103234429,-0.103234429,9.333172856,2.755190549,0.107605,0.029928899,0.9978175,0.004773541,95.27240995,26.57116248,8.753239788,2.482934784,89.7177015,3.72629592,100,7.838554248,9.080706681
12.545375,3.161675364,0.874640483,quadratic,0.001417474,0.806192932,5.891779946,1.113347313,0.279887161,8.797511053,0.3261368,0,-0.119803751,-0.119803751,11.01897253,2.971130305,0.12545375,0.031616754,0.99676125,0.005807151,110.8678466,27.99735934,10.19984172,2.626554419,87.71999311,3.913625903,100,8.960299484,10.32379237
14.603,3.342624867,0.853364396,quadratic,0.001687612,0.745095762,5.346464182,1.291761673,0.293779478,8.585053925,0.347117241,0,-0.138837296,-0.138837296,12.98458589,3.187135639,0.14603,0.033426249,0.9952525,0.007011508,128.560466,29.36977848,11.84229916,2.756733305,85.40052738,4.103343614,100,10.17365093,11.69737649
16.90025,3.518387406,0.828496153,quadratic,0.002009233,0.697307302,4.874983469,1.492696927,0.308772086,8.337248479,0.370619782,0,-0.160623815,-0.160623815,15.28566341,3.426079401,0.1690025,0.035183874,0.9932025,0.008363253,148.4869657,30.84032682,13.6981176,2.89818179,82.70091988,4.322310411,100,11.46997349,13.19120767
19.4005,3.675064591,0.800550206,quadratic,0.002392147,0.647707106,4.3640323,1.711330934,0.32202945,8.052795,0.39491133,0,-0.184561124,-0.184561124,17.93905134,3.677453417,0.194005,0.036750646,0.99025,0.010171652,170.1729709,32.20332052,15.72285677,3.026497155,79.61381186,4.548178797,100,12.7942032,14.76630454
22.10225,3.771477819,0.769187665,quadratic,0.002848036,0.599084051,3.874599604,1.9480977,0.33035003,7.727809061,0.416206246,0,-0.210810573,-0.210810573,20.98483381,3.907405463,0.2210225,0.037714778,0.98611875,0.012167514,193.5955521,33.05586103,17.92282473,3.113418902,76.09957777,4.741303275,100,14.12774008,16.38054488
25.0515,3.853517581,0.73460915,quadratic,0.003390807,0.538045039,3.252420728,2.202387346,0.333672812,7.353587264,0.434747087,0,-0.238775666,-0.238775666,24.50997183,4.137917104,0.250515,0.038535176,0.980375,0.014525301,218.7422563,33.41776596,20.2918558,3.152858025,72.07150568,4.893016108,100,15.44134578,17.99626002
28.123875,3.882432225,0.695748205,quadratic,0.004037017,0.470443962,2.609829585,2.46477181,0.332696249,6.937191246,0.448893978,0,-0.269059666,-0.269059666,28.45279013,4.310004033,0.28123875,0.038824322,0.97235125,0.017136485,244.6549539,33.2754894,22.74022417,3.152496404,67.61043344,5.007074683,100,16.66512409,19.48581105
31.241625,3.894386005,0.654397293,quadratic,0.004806381,0.407017529,1.973590827,2.73024348,0.332678464,6.469167132,0.468581239,0,-0.300246239,-0.300246239,32.91336598,4.546695775,0.31241625,0.03894386,0.96148625,0.020060622,270.837608,33.32136696,25.2207094,3.162698549,62.62620451,5.175193717,100,17.76647994,20.77608113
34.3445,3.899912787,0.608589127,quadratic,0.005722368,0.340807525,1.390097442,2.985645085,0.329065534,5.959633304,0.480930753,0,-0.333118971,-0.333118971,37.80252839,4.70562227,0.343445,0.038999128,0.94699125,0.023343306,295.9888401,32.99080209,27.60516472,3.142308721,57.23401746,5.271550587,100,18.69108815,21.71678834
37.4585,3.906696526,0.5586546,quadratic,0.006812921,0.276418294,0.877577731,3.231268256,0.322872702,5.395289888,0.486186057,0,-0.368060193,-0.368060193,43.25323033,4.814221252,0.374585,0.039066965,0.92790625,0.026469392,320.1847752,32.41994899,29.89116836,3.091473822,51.29939682,5.292066191,100,19.45007381,22.19024384
40.346875,3.86779042,0.506774798,quadratic,0.008111308,0.21926818,0.494574018,3.439726276,0.310900257,4.802088327,0.480142948,0,-1.01337E+11,-0.405879241,49.03309766,4.802080493,0.40346875,0.038677904,0.90414125,0.029520968,340.665478,31.31513143,31.80648228,2.994160642,45.10991541,5.187779725,100,19.97476542,22.04986311
42.985875,3.828044603,0.450577542,quadratic,0.009657139,0.168766559,0.245558343,3.609848518,0.304105202,4.180110364,0.474224684,0,-0.449276458,-0.449276458,55.14604322,4.807200979,0.42985875,0.038280446,0.8750875,0.032539089,357.3165038,30.68048823,33.32314976,2.947634331,38.66394933,5.090275695,100,20.29214344,21.19062668
45.2955,3.757316829,0.393019535,quadratic,0.01149757,0.133931203,0.118256834,3.72495865,0.289919053,3.544391283,0.451009779,0,-0.496307894,-0.496307894,61.44572143,4.655527322,0.452955,0.037573168,0.84022125,0.035391928,368.5037301,29.20038208,34.26657251,2.844771302,32.14052659,4.811971482,100,20.39125557,19.57781702
47.14225,3.726293727,0.334663166,quadratic,0.013688745,0.109847223,0.078795718,3.771030692,0.274950352,2.923411854,0.42674961,0,2.60984E+11,-0.557099049,67.67215355,4.47915567,0.4714225,0.037262937,0.80108125,0.037198366,372.812682,27.6835076,34.48764097,2.729993583,25.82791542,4.527336373,100,20.26696849,17.28157855
48.619,3.646345979,0.277177712,quadratic,0.016297508,0.087134169,0.053558886,3.744938385,0.260954639,2.331910157,0.386185234,0,-0.637913134,-0.637617737,73.6751354,4.149776942,0.48619,0.03646346,0.7588425,0.037709219,369.99083,26.22082462,33.91962089,2.662148326,19.88137059,4.079472428,100,19.89505738,14.44356561
49.658375,3.661272642,0.221589199,quadratic,0.019403442,0.066051994,0.043806305,3.643955968,0.244224326,1.796635267,0.3450676,0,3.24E+28,-0.754085922,79.18450054,3.842851517,0.49658375,0.036612726,0.71440125,0.038312746,359.6702539,24.53133291,32.49389944,2.598428997,14.57841695,3.625384283,100,19.21548435,11.35051867
50.278125,3.516393249,0.171027474,quadratic,0.023101297,0.049812018,0.031922096,3.462028594,0.228981492,1.333497687,0.29113849,0,-2.40E+28,-0.928322764,84.08279822,3.456584627,0.50278125,0.035163932,0.67099125,0.037365491,341.60196,22.9069323,30.16647878,2.584354026,10.09161185,3.038893648,100,18.1808368,8.313395771
50.674875,3.565868581,0.125478833,quadratic,0.027503878,0.034352468,0.025364121,3.215218938,0.213270735,0.952919966,0.239220256,0,-3.30E+31,-1.239164317,88.18168643,3.072358443,0.50674875,0.035658686,0.62999625,0.036336448,317.1191807,21.28486791,26.98377265,2.591391532,6.482379223,2.482018894,100,16.64613983,5.574322761
50.79325,3.604268919,0.087513249,quadratic,0.032745492,0.024416259,0.019833145,2.910656142,0.191933361,0.666156348,0.185524097,0,1.47E+44,-1.693204086,91.38552897,2.701091369,0.5079325,0.036042689,0.59455375,0.036221552,287.0806876,19.15486998,23.0602358,2.515688836,3.879306528,1.913705744,100,14.58831662,3.435542248
50.70225,3.575380391,-1442729681,quadratic,0.038986037,0.018740883,0.015565986,2.576722906,0.170056142,0.460561319,0.138099866,0,-1.30E+43,-3.584581888,93.80027636,2.428530964,0.5070225,0.035753804,0.565755,0.03513908,254.0164821,16.94766756,18.78657726,2.355323857,2.125843243,1.410392436,100,12.14707633,1.913726515
50.512875,3.520807327,0.040054242,quadratic,0.046415888,0.015506126,0.012755825,2.234614092,0.14622793,0.320999326,0.09479592,0,2.28E+30,-4.04795918,95.55375249,2.20768328,0.50512875,0.035208073,0.5447625,0.035106888,220.1244881,14.6328516,14.54728156,2.048191991,1.050206982,0.965012083,100,9.553781418,0.947166415
50.216625,3.529156926,0.029571465,quadratic,0.0552617,0.014776912,0.011047871,1.905627711,0.123506358,0.231452139,0.06029307,0,2.09E+28,-7.55679666,96.78535603,2.086015732,0.50216625,0.035291569,0.53142625,0.03557567,187.4938219,12.3849044,10.81874269,1.627632337,0.471216761,0.606317013,100,7.187325714,0.417646669
49.841625,3.526619112,0.024440144,quadratic,0.065793322,0.015186279,0.010262338,1.606497684,0.100286325,0.175503734,0.036200221,0,4.84E+25,-8.147259413,97.64688784,2.029200573,0.49841625,0.035266191,0.5226325,0.036056136,157.8154187,10.06492261,7.827844849,1.216406904,0.203253019,0.356993546,100,5.247010041,0.172451458
49.542125,3.509448031,0.021622467,quadratic,0.078332032,0.015849104,0.009142048,1.346860489,0.078703961,0.138365305,0.019138983,0,-9.11994E+12,-5.859498881,98.27929075,2.007124923,0.49542125,0.03509448,0.51684375,0.035864684,132.0402047,7.880291881,5.559229826,0.858537496,0.086354378,0.176995735,100,3.745196649,0.067209421
49.21225,3.459111148,0.01983986,quadratic,0.093260335,0.017624836,0.008693912,1.125565582,0.060394365,0.112437451,0.009376273,0,-1.00594E+12,-6.741571652,98.76004658,2.003919821,0.4921225,0.034591111,0.51171625,0.035596938,110.1150078,6.077910341,3.920772338,0.582836331,0.04410249,0.069661096,100,2.653874458,0.03146031
48.8895,3.509670889,0.018207406,quadratic,0.111033632,0.018936078,0.008137979,0.941458446,0.046313876,0.09267001,0.005251938,0,2.23035E+12,-3.845150933,99.14189081,2.003161262,0.488895,0.035096709,0.5068725,0.036073449,91.85184727,4.649153776,2.77161769,0.396286292,0.027521467,0.019574749,100,1.885273686,0.018933736
48.495875,3.494457466,0.016911415,quadratic,0.132194115,0.021138814,0.00780197,0.788704005,0.035082389,0.076822836,0.003598037,0,4.76795E+12,-4.822663871,99.45279662,2.005687282,0.48495875,0.034944575,0.501625,0.035816328,76.74046892,3.52814767,1.969825596,0.27128365,0.018843221,0.002957582,100,1.347771588,0.012941473
48.00225,3.522285471,0.01552625,quadratic,0.157387304,0.023226446,0.007205992,0.661195962,0.026822036,0.06376318,0.002714841,0,1.26E+16,-6.590063647,99.71082452,2.007302901,0.4800225,0.035222855,0.49522875,0.035690302,64.12669744,2.699088894,1.403872647,0.183975972,0.013090749,0.001933676,100,0.966692546,0.009025006
47.38725,3.50967056,0.014720192,quadratic,0.187381742,0.025637924,0.006980368,0.554582418,0.020377667,0.052965337,0.002037239,0,-3.00304E+13,-4.594483971,99.92527995,2.00924132,0.4738725,0.035096706,0.48816875,0.035598231,53.60141261,2.072193093,1.004851271,0.127765686,0.009141017,0.001276512,100,0.697289612,0.00633569
46.619125,3.507642974,0.01355446,quadratic,0.223092437,0.028206059,0.006631091,0.465852481,0.015769198,0.044055101,0.001555752,0,4.98654E+13,-4.428285641,100.1030188,2.011093728,0.46619125,0.03507643,0.47935,0.035620956,44.85005267,1.589841802,0.724299715,0.092799016,0.006429402,0.000855856,100,0.50728118,0.00448855
45.758625,3.544624537,0.012677248,quadratic,0.265608778,0.03123617,0.00624591,0.391897178,0.012220175,0.036678861,0.001197067,0,1.17E+26,-2.392820272,100.2505948,2.012211675,0.45758625,0.035446245,0.46980625,0.036297382,37.56554071,1.232093123,0.525175243,0.066450257,0.004543618,0.000581888,100,0.371591845,0.003198279
44.587375,3.538236229,0.011922249,quadratic,0.316227766,0.034552621,0.006220884,0.330167761,0.009375089,0.030541134,0.000912153,0,5.46829E+13,-4.472212004,100.373657,2.01343741,0.44587375,0.035382362,0.4574075,0.036063194,31.4778334,0.960015882,0.384812662,0.048803956,0.003235524,0.000399025,100,0.275801911,0.002302764