Survive,Survive_bar,chi,dynamics,epsilon,mean_N,mean_N_bar,mean_R,mean_R_bar,mu,nu,nu_threshold,opti_f,opti_f_bar,phi_N,phi_N_bar,phi_R,phi_R_bar,power,power_bar,q_N,q_N_bar,q_R,q_R_bar,size,var_N,var_R
13.15,2.0316249653910043,NaN,linear,1e-06,11.694012294595655,0.28782631870068903,0.08504184015507553,0.0017192982889916023,0.0,NaN,NaN,,,0.1315,0.020316249653910046,1.0,0.0,990.4854677909067,9.41187479891107,1359.9771554421218,71.11070494225264,0.0073273473725291634,0.0002861062796668158,100,1223.2272318959674,9.523279556774669e-05
13.6,1.2806248474865698,NaN,linear,1.232846739442066e-06,11.790544024632858,0.26987845949264977,0.08445268463462757,0.0014488535492575552,0.0,NaN,NaN,,,0.136,0.012806248474865698,1.0,0.0,990.465330417515,8.474368756990858,1375.2640667201265,76.70070107028245,0.007237696850660132,0.0002423436690225338,100,1236.247138323321,0.00010544090866427164
13.15,2.0316249653910043,NaN,linear,1.519911082952933e-06,11.694012291343606,0.28782630793956615,0.0850418403606852,0.0017192981029071003,0.0,NaN,NaN,,,0.1315,0.020316249653910046,1.0,0.0,990.4854677490264,9.411874824368432,1359.97757741226,71.11013379690185,0.007327347396329455,0.0002861062423545191,100,1223.2276539421646,9.52327843971894e-05
13.6,1.2806248474865698,NaN,linear,1.873817422860383e-06,11.790544015779508,0.26987848190574054,0.08445268536963396,0.0014488541616483593,0.0,NaN,NaN,,,0.136,0.012806248474865698,1.0,0.0,990.4653303300672,8.474368857366018,1375.263955257868,76.70105266431968,0.00723769698467359,0.00024234377254637969,100,1236.247027069834,0.00010544091853120466
13.15,2.0316249653910043,NaN,linear,2.310129700083158e-06,11.69401228758689,0.2878262986476931,0.0850418406675754,0.0017192978167078006,0.0,NaN,NaN,,,0.1315,0.020316249653910046,1.0,0.0,990.4854677549092,9.411874752819932,1359.9782190342482,71.10926568010646,0.007327347431703921,0.000286106185106381,100,1223.228295652015,9.523276757463914e-05
13.6,1.2806248474865698,NaN,linear,2.848035868435805e-06,11.790544005081662,0.2698785104538213,0.08445268632976587,0.0014488550796602079,0.0,NaN,NaN,,,0.136,0.012806248474865698,1.0,0.0,990.4653304228814,8.474369085804783,1375.263789556013,76.70158991209502,0.007237697160304396,0.00024234393733006112,100,1236.246861620246,0.00010544093199057291
13.15,2.0316249653910043,NaN,linear,3.5111917342151275e-06,11.694012282091013,0.2878262807485392,0.08504184112695899,0.0017192973793240132,0.0,NaN,NaN,,,0.1315,0.020316249653910046,1.0,0.0,990.4854677926845,9.411874957374515,1359.9791918397407,71.10794419826031,0.007327347484312666,0.0002861060976010146,100,1223.2292685860452,9.523274204973184e-05
13.6,1.2806248474865698,NaN,linear,4.328761281083061e-06,11.79054398672235,0.26987855293144014,0.08445268739876081,0.0014488568340655236,0.0,NaN,NaN,,,0.136,0.012806248474865698,1.0,0.0,990.4653304214305,8.47436926593177,1375.2635341608225,76.70240511550232,0.007237697371518345,0.00024234423664261018,100,1236.246606657988,0.00010544096264553096
13.15,2.0316249653910043,NaN,linear,5.336699231206313e-06,11.6940122727437,0.28782625333487166,0.08504184184610727,0.0017192967147097624,0.0,NaN,NaN,,,0.1315,0.020316249653910046,1.0,0.0,990.4854677585688,9.41187469459293,1359.9806744543196,71.10593734790604,0.00732734756736481,0.0002861059647430407,100,1223.2307514192394,9.523270278648802e-05
13.6,1.2806248474865698,NaN,linear,6.579332246575683e-06,11.79054395255003,0.26987861828174686,0.08445268923334265,0.0014488592175292713,0.0,NaN,NaN,,,0.136,0.012806248474865698,1.0,0.0,990.4653299266562,8.47436912317172,1375.263144211011,76.70364458852771,0.007237697721640421,0.00024234465104909487,100,1236.246217513997,0.00010544100289687248
13.15,2.0316249653910043,NaN,linear,8.111308307896873e-06,11.694012256897325,0.28782621021285043,0.08504184291990473,0.0017192957043417893,0.0,NaN,NaN,,,0.1315,0.020316249653910046,1.0,0.0,990.4854676028015,9.411874289118135,1359.982925194297,71.10288472378599,0.007327347690744221,0.00028610576256324675,100,1223.233002529832,9.523264353047122e-05
13.6,1.2806248474865698,NaN,linear,1e-05,11.790543904966912,0.26987871456328694,0.08445269207820286,0.0014488629872301474,0.0,NaN,NaN,,,0.136,0.012806248474865698,1.0,0.0,990.4653295068598,8.474369451787545,1375.262555224044,76.70552769090087,0.007237698263873169,0.00024234530546023082,100,1236.2456296490916,0.0001054410646174209
13.15,2.0316249653910043,NaN,linear,1.2328467394420658e-05,11.694012232715297,0.2878261540647973,0.08504184456371339,0.001719294172911606,0.0,NaN,NaN,,,0.1315,0.020316249653910046,1.0,0.0,990.4854673183705,9.411874761071159,1359.9863426032186,71.09824915131335,0.00732734788021007,0.0002861054560891356,100,1223.2364205043236,9.523255341128168e-05
13.6,1.2806248474865698,NaN,linear,1.5199110829529332e-05,11.790543835926435,0.2698788580477719,0.08445269638374728,0.001448868628703956,0.0,NaN,NaN,,,0.136,0.012806248474865698,1.0,0.0,990.4653291420382,8.474369550334673,1375.2616633536031,76.70839180911152,0.00723769908439337,0.0002423462857852551,100,1236.2447394067003,0.00010544115790796915
13.15,2.0316249653910043,NaN,linear,1.873817422860383e-05,11.694012199023648,0.287826057849005,0.08504184707160535,0.0017192918441966533,0.0,NaN,NaN,,,0.1315,0.020316249653910046,1.0,0.0,990.4854671839782,9.411874694379362,1359.9915360183088,71.0911992664637,0.0073273481696626615,0.00028610499006607375,100,1223.241614707395,9.523241631235004e-05
13.6,1.2806248474865698,NaN,linear,2.310129700083158e-05,11.790543727829846,0.26987908686803314,0.08445270289247589,0.0014488772169143746,0.0,NaN,NaN,,,0.136,0.012806248474865698,1.0,0.0,990.4653283331496,8.474370615727825,1375.260305780413,76.71274666827404,0.007237700326164057,0.00024234777720419026,100,1236.2433843825454,0.00010544130031925206
13.15,2.0316249653910043,NaN,linear,2.8480358684358048e-05,11.69401214405576,0.2878259089654031,0.08504185085550595,0.001719288296943558,0.0,NaN,NaN,,,0.1315,0.020316249653910046,1.0,0.0,990.4854666875959,9.411873326318744,1359.9994225302803,71.08047995392182,0.00732734860504466,0.00028610428053010893,100,1223.2495025049566,9.523220811454278e-05
13.6,1.2806248474865698,NaN,linear,3.511191734215127e-05,11.790543567464988,0.2698794235431794,0.08445271280006812,0.0014488902643988485,0.0,NaN,NaN,,,0.136,0.012806248474865698,1.0,0.0,990.4653274604827,8.474370518575633,1375.2582452308425,76.71936696272998,0.007237702215982022,0.00024235004368566813,100,1236.2413276145523,0.00010544151669123163
13.15,2.0316249653910043,NaN,linear,4.328761281083062e-05,11.694012063225902,0.2878256933168083,0.08504185661296439,0.001719282897568969,0.0,NaN,NaN,,,0.1315,0.020316249653910046,1.0,0.0,990.4854661862431,9.411873361166268,1360.0113920693911,71.0641847450341,0.00732734926838772,0.00028610320088326413,100,1223.2614739345183,9.52318922077253e-05
13.6,1.2806248474865698,NaN,linear,5.3366992312063123e-05,11.790543317961498,0.2698799425740147,0.08445272787446644,0.0014489100777455742,0.0,NaN,NaN,,,0.136,0.012806248474865698,1.0,0.0,990.4653257500759,8.474371742769808,1375.255116164336,76.72943692626345,0.007237705090891238,0.00024235348575039228,100,1236.2382044316093,0.00010544184545255825
13.15,2.0316249653910043,NaN,linear,6.579332246575683e-05,11.69401193712795,0.2878253580785727,0.08504186537878539,0.001719274697318302,0.0,NaN,NaN,,,0.1315,0.020316249653910046,1.0,0.0,990.4854653088614,9.411872391423246,1360.0295503954426,71.03940415191303,0.007327350279170757,0.00028610156037424893,100,1223.2796352097516,9.523141206729988e-05
13.6,1.2806248474865698,NaN,linear,8.111308307896872e-05,11.790542944623805,0.2698807303481346,0.08445275078562757,0.0014489402385368293,0.0,NaN,NaN,,,0.136,0.012806248474865698,1.0,0.0,990.4653236975215,8.47437294536531,1375.25037698697,76.74475927135683,0.007237709461387034,0.00024235872482668562,100,1236.2334740579518,0.00010544234612771602
13.15,2.0316249653910043,NaN,linear,0.0001,11.694011738879734,0.2878248517064637,0.0850418786670875,0.0017192622072453884,0.0,NaN,NaN,,,0.1315,0.020316249653910046,1.0,0.0,990.4854637468422,9.41187120753504,1360.0570626915678,71.00171524444303,0.007327351810959872,0.0002860990628067134,100,1223.3071521425109,9.523068373224111e-05
13.6,1.2806248474865698,NaN,linear,0.0001232846739442066,11.790542361477538,0.26988192844497244,0.0844527855913409,0.001448986083804194,0.0,NaN,NaN,,,0.136,0.012806248474865698,1.0,0.0,990.4653196593578,8.47437462677301,1375.2431993502964,76.7680949649854,0.007237716103314514,0.00024236668835309543,100,1236.2263101725002,0.00010544310917751779
13.15,2.0316249653910043,NaN,linear,0.0001519911082952933,11.69401143748957,0.2878240781148314,0.0850418988921889,0.0017192431741054838,0.0,NaN,NaN,,,0.1315,0.020316249653910046,1.0,0.0,990.4854619998265,9.411869253998304,1360.0986815179665,70.9443829486538,0.007327354146327502,0.00028609525835531776,100,1223.3487780178295,9.522957913822195e-05
13.6,1.2806248474865698,NaN,linear,0.0001873817422860385,11.790541478283718,0.26988376514497814,0.08445283848317275,0.0014490558456400104,0.0,NaN,NaN,,,0.136,0.012806248474865698,1.0,0.0,990.4653146102768,8.474378112123901,1375.232348108919,76.8036730925352,0.007237726200590282,0.0002423788064928656,100,1236.2154797577903,0.00010544427272541781
13.15,2.0316249653910043,NaN,linear,0.00023101297000831605,11.69401095008327,0.2878229108793119,0.08504192961466603,0.001719214157360799,0.0,NaN,NaN,,,0.1315,0.020316249653910046,1.0,0.0,990.48545848219,9.411866439877793,1360.1614481692545,70.85716046600295,0.007327357698867301,0.0002860894601480444,100,1223.411556068587,9.522790628149075e-05
13.6,1.2806248474865698,NaN,linear,0.0002848035868435802,11.790540107738758,0.26988656941749833,0.08445291927080285,0.0014491623331130432,0.0,NaN,NaN,,,0.136,0.012806248474865698,1.0,0.0,990.465306394202,8.474383107131588,1375.2159728565457,76.85804418714969,0.0072377416188738886,0.00024239730517770574,100,1236.1991368243494,0.00010544604551314443
13.15,2.0316249653910043,NaN,linear,0.0003511191734215131,11.694010174519336,0.2878211345063457,0.0850419763149532,0.0017191698356595628,0.0,NaN,NaN,,,0.1315,0.020316249653910046,1.0,0.0,990.4854538533122,9.411861819490168,1360.255662282392,70.72449826174939,0.007327363113358094,0.00028608060926782453,100,1223.5057883206302,9.522537780503355e-05
13.65,1.3143439428094914,NaN,linear,0.0004328761281083057,11.79053797742438,0.2698908549908656,0.08445304076308764,0.0014493236809790552,0.0,NaN,NaN,,,0.1365,0.013143439428094917,1.0,0.0,990.4652942957094,8.474390222983281,1375.1912970019616,76.9414835163984,0.00723776487386163,0.00024242532489168812,100,1236.174511204875,0.00010544877972988675
13.15,2.0316249653910043,NaN,linear,0.0005336699231206312,11.69400889056813,0.2878184471855497,0.08504204731036617,0.0017191020395099419,0.0,NaN,NaN,,,0.1315,0.020316249653910046,1.0,0.0,990.48544653268,9.411854997937576,1360.395886096271,70.52300449409515,0.007327371378073772,0.00028606708168689746,100,1223.6460421635845,9.522156733521405e-05
13.65,1.3143439428094914,NaN,linear,0.0006579332246575682,11.790534608609558,0.26989744631023954,0.08445322656158703,0.0014495702483819867,0.0,NaN,NaN,,,0.1365,0.013143439428094917,1.0,0.0,990.465275185159,8.47440110718066,1375.1540703303235,77.07059276874138,0.007237800443201465,0.00024246815269120205,100,1236.1373639735039,0.00010545296653871516
13.15,2.0316249653910043,NaN,linear,0.0008111308307896872,11.694006699600111,0.28781436985575265,0.0850421553540568,0.0017189979506810735,0.0,NaN,NaN,,,0.1315,0.020316249653910046,1.0,0.0,990.485435259436,9.411844501380008,1360.6013738242111,70.21823151369222,0.007327384039172962,0.00028604634091441376,100,1223.851581133919,9.521585190942936e-05
13.65,1.3143439428094914,NaN,linear,0.001,11.79052920680992,0.26990767304791574,0.08445350841730977,0.0014499465471126975,0.0,NaN,NaN,,,0.1365,0.013143439428094917,1.0,0.0,990.465246758936,8.474418421083792,1375.0973873145153,77.27361652051076,0.007237854538047696,0.00024253350110645775,100,1236.0808083378777,0.00010545945405508472
13.15,2.0316249653910043,NaN,linear,0.0012328467394420659,11.694002820969718,0.2878081887404875,0.08504232006643607,0.0017188378273063423,0.0,NaN,NaN,,,0.1315,0.020316249653910046,1.0,0.0,990.4854188908832,9.411828496858236,1360.8935164984916,69.76218415348893,0.007327403548325342,0.00028601448857273177,100,1224.143814521644,9.520734604318677e-05
13.65,1.3143439428094914,NaN,linear,0.0015199110829529348,11.790520287856099,0.26992372053519986,0.08445393649386577,0.0014505217469040204,0.0,NaN,NaN,,,0.1365,0.013143439428094917,1.0,0.0,990.465202910498,8.474444775371426,1375.0083435691918,77.6028823190019,0.007237936973334322,0.00024263336842737766,100,1235.9919749108456,0.00010546958402440889
13.1,2.071231517720798,NaN,linear,0.001873817422860385,11.693995589973198,0.28779880601101976,0.08504257229663909,0.0017185910228651765,0.0,NaN,NaN,,,0.131,0.020712315177207976,1.0,0.0,990.48539310497,9.411804180613666,1361.2830950920775,69.09712738946307,0.007327433949046865,0.0002859654978538038,100,1224.5335622337648,9.519484621777971e-05
13.7,1.3453624047073711,NaN,linear,0.0023101297000831605,11.790505007072841,0.2699494571536506,0.08445458636441078,0.0014514017996919279,0.0,NaN,NaN,,,0.137,0.01345362404707371,1.0,0.0,990.4651366410437,8.47448493745736,1374.8574966937636,78.16593557097342,0.007238062759880718,0.00024278609089963183,100,1235.8414883719538,0.0001054856018969991
13.1,2.071231517720798,NaN,linear,0.002848035868435802,11.693981410900056,0.28778439343692586,0.08504296297728876,0.001718211243216908,0.0,NaN,NaN,,,0.131,0.020712315177207976,1.0,0.0,990.4853533343048,9.411766320053712,1361.728076993736,68.18336763005678,0.007327482433611256,0.00028589031078627976,100,1224.97887575526,9.517688165474861e-05
13.7,1.3453624047073711,NaN,linear,0.003511191734215131,11.790477385772393,0.26999233374731035,0.08445557193272252,0.001452744322261068,0.0,NaN,NaN,,,0.137,0.01345362404707371,1.0,0.0,990.4650365020349,8.474546357368881,1374.5678396878527,79.19284617663621,0.007238254986947132,0.00024301881175577768,100,1235.5524827034426,0.00010551135646386411
13.1,2.071231517720798,NaN,linear,0.004328761281083062,11.69395205162663,0.287761473056653,0.08504357718500256,0.0017176337873247279,0.0,NaN,NaN,,,0.131,0.020712315177207976,1.0,0.0,990.4852912088061,9.41170919401206,1362.0247115625436,67.09820217015461,0.0073275621041027665,0.00028577624509611957,100,1225.276196976801,9.515208368127705e-05
13.7,1.3453624047073711,NaN,linear,0.005336699231206312,11.79042399721507,0.27006782064201235,0.08445705706234398,0.001454756191380778,0.0,NaN,NaN,,,0.137,0.01345362404707371,1.0,0.0,990.4648853563662,8.474636494895172,1373.9675576261825,81.02535034247977,0.007238548080134808,0.00024336651365060004,100,1234.9534595920775,0.00010555359250278045
13.05,2.060946384552495,NaN,linear,0.006579332246575682,11.693888113411866,0.28772201567484995,0.08504455424223355,0.0017167827302026343,0.0,NaN,NaN,,,0.1305,0.02060946384552495,1.0,0.0,990.4851934881183,9.411626913582785,1361.6620574186618,66.3081991683812,0.007327696710796096,0.00028560824167690057,100,1224.9150382096664,9.512050453589216e-05
13.65,1.194780314534852,NaN,linear,0.008111308307896872,11.790315921234429,0.27020326845056364,0.08445923361592071,0.0014575740445307078,0.0,NaN,NaN,,,0.1365,0.01194780314534852,1.0,0.0,990.4646669989601,8.474752465703697,1373.0236173209753,82.77796114971264,0.007238986219602021,0.0002438490345144183,100,1234.0120677984612,0.00010562407661334966
13.05,2.060946384552495,NaN,linear,0.01,11.693748879107053,0.2876497743033962,0.08504604029706841,0.0017156144493619843,0.0,NaN,NaN,,,0.1305,0.02060946384552495,1.0,0.0,990.4850496210616,9.41153262415511,1360.4589303301614,66.72661729849591,0.007327916127603243,0.00028537654117150675,100,1223.7151674825438,9.508715739265848e-05
13.65,1.194780314534852,NaN,linear,0.012328467394420659,11.790109939545088,0.27039312990619646,0.0844622695891155,0.0014610265360668051,0.0,NaN,NaN,,,0.1365,0.01194780314534852,1.0,0.0,990.4643627013304,8.474874669937556,1372.2982276613818,79.80173855451781,0.007239620059904103,0.0002444263439795119,100,1233.2915352748219,0.00010574507575967815
13.1,1.9974984355438181,NaN,linear,0.01519911082952933,11.693498495313754,0.28754621379478085,0.08504803358753625,0.0017141617009216053,0.0,NaN,NaN,,,0.131,0.019974984355438177,1.0,0.0,990.4848575036485,9.411462610516253,1360.6716778125178,67.27031748419397,0.00732823704688675,0.0002850853928985011,100,1223.9337707526129,9.506902978005607e-05
13.75,1.1779218989389746,NaN,linear,0.01873817422860383,11.789736194540179,0.2705384519930676,0.08446664527047963,0.001465530223780074,0.0,NaN,NaN,,,0.1375,0.011779218989389746,1.0,0.0,990.4639242353994,8.475065698931935,1370.1549671686712,75.96687220468056,0.0072405876429923145,0.00024516732404616747,100,1231.1570876318203,0.00010597347974327487
13.05,2.060946384552495,NaN,linear,0.02310129700083158,11.693136633587997,0.28743938496290955,0.08505104003664857,0.001712344587541593,0.0,NaN,NaN,,,0.1305,0.02060946384552495,1.0,0.0,990.4845495962784,9.411401442613252,1360.7908424242003,67.0635813472847,0.0073287890424321295,0.00028472353372493173,100,1224.0613980924427,9.510963111653153e-05
13.65,1.3143439428094914,NaN,linear,0.028480358684358047,11.788939045965796,0.270699706625842,0.08447301962893443,0.001472703054052137,0.0,NaN,NaN,,,0.1365,0.013143439428094915,1.0,0.0,990.4632909904216,8.475411112881224,1367.783191850712,76.0131516479685,0.0072421253002036235,0.0002463715694125661,100,1228.8041080212151,0.00010643425497328164
12.95,2.0118399538730714,NaN,linear,0.03511191734215135,11.692326505543194,0.28738310296821384,0.08505674602035995,0.001710472929375428,0.0,NaN,NaN,,,0.1295,0.02011839953873071,1.0,0.0,990.4839517095157,9.411320120736203,1353.8808171425248,72.86232079530512,0.007329992542888777,0.0002843680565338457,100,1217.1703180302968,9.534249931675783e-05
13.75,1.2599603168354152,NaN,linear,0.043287612810830614,11.78750857990545,0.27106043930464935,0.08448131307851468,0.0014853717210114616,0.0,NaN,NaN,,,0.1375,0.012599603168354153,1.0,0.0,990.462432004734,8.4756546691545,1370.6286514446379,76.2361871144665,0.007244477292671231,0.0002485436688509266,100,1231.6832929232933,0.00010738503320121476
12.95,1.9098429254784282,NaN,linear,0.05336699231206313,11.68943846035892,0.2876477038917768,0.08506397771546666,0.0017060141356500262,0.0,NaN,NaN,,,0.1295,0.01909842925478428,1.0,0.0,990.48331134129,9.411641032247447,1349.7609918091175,76.14430348587486,0.0073320924601850005,0.00028374052628317014,100,1213.1180202905991,9.621215540759258e-05
13.8,1.4000000000000001,NaN,linear,0.06579332246575682,11.782955439190522,0.2723911330235526,0.08449281273047443,0.0015060127297282075,0.0,NaN,NaN,,,0.138,0.014,1.0,0.0,990.4613169094988,8.475653654657236,1361.1795778427904,74.69320010446395,0.007248380809679265,0.0002522566944828376,100,1222.341538960841,0.00010934540657224308
13.0,1.8708286933869707,NaN,linear,0.08111308307896872,11.685887208392677,0.2874486980780167,0.08507148638425624,0.0016966710589257207,0.0,NaN,NaN,,,0.13000000000000003,0.01870828693386971,1.0,0.0,990.4824317243599,9.412984398676704,1353.3207658672845,74.03621082958132,0.007335558832667161,0.0002823504459493837,100,1216.7608060200089,9.84010370404662e-05
13.95,1.829617446353199,NaN,linear,0.1,11.775387398809423,0.27135315196555143,0.08449634974637467,0.0015341523065989194,0.0,NaN,NaN,,,0.13949999999999999,0.01829617446353199,1.0,0.0,990.46096986554,8.476860158719507,1376.1171244576922,69.77898212112538,0.00725302206317515,0.0002574401199042788,100,1237.4573760656524,0.0001133889427134792
13.35,2.1041625412500813,NaN,linear,0.12328467394420659,11.809068305094067,0.3113961234983297,0.08445808381805543,0.0018275400489696748,0.0,NaN,NaN,,,0.1335,0.021041625412500816,1.0,0.0,992.494783555894,8.53995027328907,1376.0081115215341,88.49609356019181,0.007236470517274646,0.00031545837788239146,100,1236.554017287157,0.00010330259505696942
14.15,2.650943228362313,NaN,linear,0.1519911082952933,11.685901530748279,0.28981672372776646,0.08473746381301442,0.0018866138858956755,0.0,NaN,NaN,,,0.14150000000000001,0.026509432283623124,1.0,0.0,987.5272842786093,9.104679104785943,1333.0147199050505,108.54185178045344,0.007303336061219292,0.00031390330080041857,100,1196.4544253187055,0.00012289828775736484
13.55,1.8567444627627139,NaN,linear,0.1873817422860383,11.800865432035597,0.3110222544814697,0.08453399830069985,0.0018255421381326853,0.0,NaN,NaN,,,0.1355,0.01856744462762714,1.0,0.0,992.4871015650685,8.535684698321454,1381.2856466925905,83.93314247158565,0.00726242746442179,0.00031550943582930706,100,1242.0252217475777,0.000116430595719064
14.4,2.6532998322843198,NaN,linear,0.23101297000831628,11.668867621684742,0.30316777424209657,0.08473732500429977,0.00187130423784705,0.0,NaN,NaN,,,0.144,0.026532998322843202,1.0,0.0,987.5270423817526,9.097073939789622,1333.8948278127518,98.65257309200601,0.007324601328420881,0.0003121190276991419,100,1197.7323562403494,0.00014418707953655323
14.5,1.9874606914351791,NaN,linear,0.2848035868435805,11.762461100457166,0.32987988016611053,0.08469207776736053,0.0018202355641538076,0.0,NaN,NaN,,,0.14500000000000002,0.01987460691435179,1.0,0.0,992.4711238821008,8.528485402335322,1326.7498699242276,100.46477022496738,0.007317680004428709,0.000313766464525833,100,1188.3943787844596,0.0001449319678760658
14.95,3.1697791721190924,NaN,linear,0.35111917342151344,11.619231513257324,0.3131995690017285,0.08478363323246633,0.0018106697980816316,0.0,NaN,NaN,,,0.14950000000000002,0.03169779172119093,1.0,0.0,987.522578619233,9.085050034070875,1281.9457363330569,91.3994317911224,0.007377818412045613,0.0003041691158287096,100,1146.9391953743848,0.00018955394794824355
15.6,2.6532998322843198,NaN,linear,0.43287612810830617,11.668800398149331,0.3524049752777535,0.08489115815127336,0.0017722096617311441,0.0,NaN,NaN,,,0.15599999999999997,0.026532998322843202,1.0,0.0,992.4513768373394,8.517734723008852,1286.0355998029208,92.9480905316563,0.00741404065969053,0.0003040257923011021,100,1149.8746970710708,0.00020753192742602316
15.85,2.6320144376503714,NaN,linear,0.5336699231206312,11.526655243235346,0.3169676382870033,0.08487502260182014,0.00172007080901245,0.0,NaN,NaN,,,0.15850000000000003,0.026320144376503717,1.0,0.0,987.5134176642708,9.068602019538597,1227.6138475849723,110.71884189315784,0.007482345152221196,0.000292302269153495,100,1094.7500664885674,0.000278575690561716
17.55,2.4387496796514396,NaN,linear,0.6579332246575682,11.524245691440221,0.38651500567959024,0.08514272193786349,0.0016433835800409068,0.0,NaN,NaN,,,0.17549999999999996,0.024387496796514394,1.0,0.0,992.4262082347623,8.508038614860357,1176.04512294361,122.46093560156287,0.007581950799093566,0.00027987770718497523,100,1043.2368841869315,0.00033266770010522665
18.65,3.453621287865825,NaN,linear,0.8111308307896873,11.343539421087128,0.26775843844118596,0.08500061521032475,0.0017361693061456796,0.0,NaN,NaN,,,0.18649999999999997,0.034536212878658254,1.0,0.0,987.5009061372402,9.04668843990891,1114.0600239437383,129.9420754929433,0.007659549254496925,0.00030141739090185565,100,985.3841373459807,0.00043444466836323447
20.75,2.446936860648431,NaN,linear,1.0,11.270422635909043,0.29523734870744056,0.08511485075191662,0.0017395555780544186,0.0,NaN,NaN,,,0.20750000000000002,0.024469368606484312,1.0,0.0,992.4289819234045,8.502464233802975,983.7378820824049,106.0036581377286,0.007757517849392271,0.00032674249847151275,100,856.7154556903939,0.0005129800308712303
21.8,3.370459909270544,NaN,linear,1.232846739442066,11.050967024219107,0.22362253491488132,0.08480945091906682,0.001763355259001716,0.0,NaN,NaN,,,0.21800000000000003,0.033704599092705435,1.0,0.0,987.5200104398384,9.038715260990697,922.7015804138907,116.31480152495698,0.007881068544710488,0.0003176143057724725,100,800.5777082435126,0.0006884255795168837
25.25,2.680951323690902,NaN,linear,1.5199110829529332,10.9777815733907,0.2756215190220897,0.08456178684217894,0.0020103892085085355,0.0,NaN,NaN,,,0.25250000000000006,0.026809513236909024,1.0,0.0,992.484357197367,8.511243896055104,812.1621487717068,113.13618017067878,0.007939396324318672,0.0004139475520472941,100,691.6504604986304,0.0007887005303765657
26.8,3.815756805667783,NaN,linear,1.873817422860383,10.743465097454942,0.20772105637203495,0.08392946459608325,0.0020433618096085057,0.0,NaN,NaN,,,0.268,0.03815756805667782,1.0,0.0,987.6080253124276,9.045184241541481,742.0100800904786,100.95504791727313,0.008092227203191273,0.00046207845495298283,100,626.5880377902461,0.0010480721758060817
29.55,3.4996428389194234,NaN,linear,2.310129700083163,10.670881011530222,0.312087297774653,0.08317890490512705,0.0024367609533174606,0.0,NaN,NaN,,,0.2955,0.03499642838919423,1.0,0.0,992.6226464284034,8.500300868132646,680.1123276398909,115.53685529221242,0.008059910859779577,0.0005670943211806927,100,566.2446260776546,0.001141180638563408
30.95,4.06786184622831,NaN,linear,2.848035868435805,10.477800033768673,0.1936354688110448,0.0819867338942045,0.0028227316546313246,0.0,NaN,NaN,,,0.3095,0.0406786184622831,1.0,0.0,987.8023007407695,9.030938570728713,604.1642211017528,81.99056105069482,0.008175644057020998,0.0006322658321354653,100,494.37992755411,0.0014538195223818987
32.5,3.5,NaN,linear,3.5111917342151346,10.441154489436045,0.31729073566019583,0.08081430346126729,0.003208436552703251,0.0,NaN,NaN,,,0.32499999999999996,0.034999999999999996,1.0,0.0,992.8591140379382,8.477691346318718,574.1015644259753,92.09776392576136,0.008104675376551625,0.0008159728700923548,100,465.0838573537049,0.0015737237326218277
33.85,4.464022849403888,NaN,linear,4.328761281083062,10.289064097218798,0.1904952776498382,0.0795670187039085,0.004194151202739382,0.0,NaN,NaN,,,0.33849999999999997,0.04464022849403887,1.0,0.0,988.0442760392889,8.964040548051106,522.6102292752714,81.46517133947428,0.008339358450910118,0.0010206561666663535,100,416.74538927859453,0.0020084479854819916
36.5,2.8548204847240397,NaN,linear,5.336699231206313,10.292114646885508,0.2808537051520001,0.07775589104789277,0.004595169844662917,0.0,NaN,NaN,,,0.36499999999999994,0.0285482048472404,1.0,0.0,993.1649574789701,8.451664781503924,497.58151819930043,68.02255608225924,0.008134319779096993,0.0011728310287710151,100,391.65389429466524,0.0020883411864452226
37.75,4.181805830021284,NaN,linear,6.5793322465756825,10.176303039894115,0.19091104799627706,0.07663633570835277,0.00656449514378825,0.0,NaN,NaN,,,0.37749999999999995,0.041818058300212846,1.0,0.0,988.3373455138468,8.86336603102414,462.1420666477033,71.59089998299335,0.008492990819656659,0.0017622866997243029,100,358.58492308794507,0.0026198628688533132
39.15,3.335790760824186,NaN,linear,8.111308307896872,10.187084019685178,0.2502050823200917,0.07426840761342222,0.007151329814712512,0.0,NaN,NaN,,,0.3915,0.03335790760824185,1.0,0.0,993.5137036462735,8.4295739079181,443.2135490654156,61.40525895057838,0.008150862384598816,0.001913247202287879,100,339.4368682412904,0.002635066015165384
39.55,3.368605052540295,NaN,linear,10.0,10.101360458854241,0.19548730251693056,0.07339565914675009,0.010058351270146267,0.0,NaN,NaN,,,0.3955,0.033686050525402945,1.0,0.0,988.6614132329656,8.759525221863948,418.0044337403323,64.49027121806905,0.008628522258748212,0.00301016060533952,100,315.9669506206283,0.003241599477162292
41.6,4.188078318274385,NaN,linear,12.32846739442066,10.113111325998817,0.22319825858941447,0.07102450677259987,0.01102166236113695,0.0,NaN,NaN,,,0.4160000000000001,0.041880783182743846,1.0,0.0,993.8380934134275,8.393055713663546,400.8600121987465,56.5397171809615,0.008337223229723667,0.0031015999387859427,100,298.584991506701,0.0032927426674325805
41.75,4.299709292498738,NaN,linear,15.199110829529332,10.047894474143897,0.1973258638206885,0.07139339305893297,0.01780603207093915,0.0,NaN,NaN,,,0.4175000000000001,0.042997092924987386,1.0,0.0,988.8616397269132,8.553199926946355,386.60268109005324,58.57574629341319,0.00960643975573687,0.007404429287952387,100,285.64249772652175,0.0045094231832695725
44.5,4.05585995813465,NaN,linear,18.738174228603867,10.062594305390519,0.2206519247137954,0.0686102940942048,0.017267742381303547,0.0,NaN,NaN,,,0.445,0.04055859958134649,1.0,0.0,994.0795137140067,8.368479966788284,368.8220889486753,56.16625983897784,0.008953031768905016,0.00541208973917862,100,267.5662847937976,0.004245659313211743
43.7,4.62709412050371,NaN,linear,23.10129700083163,10.003479014112296,0.19845891879570896,0.08124435036377962,0.06960162904153173,0.0,NaN,NaN,,,0.437,0.0462709412050371,1.0,0.0,987.8765444254605,8.80271714261899,366.6195444849593,51.10433314448787,0.028860786163146787,0.08876959589477093,100,266.54995209917416,0.02226014169711421
46.0,4.312771730569565,NaN,linear,28.48035868435805,10.028674813660906,0.22764493184921633,0.07083859415818008,0.03465846396357948,0.0,NaN,NaN,,,0.4600000000000001,0.04312771730569565,1.0,0.0,993.856684901476,8.407466579557436,349.86809445050824,56.08018440292004,0.012939917492452838,0.017168987726283228,100,249.29377593235165,0.007921811070145493
45.0,4.58257569495584,NaN,linear,35.111917342151344,9.49494494455084,2.1586986056687594,0.5631357117484163,2.1669607105077593,0.0,NaN,NaN,,,0.45,0.04582575694955839,1.0,0.0,939.6874074639727,212.91913040944772,337.2041381973554,89.41885032520747,12.615606938083456,54.94481170525154,100,247.05015869730386,12.298485108237061
47.2,4.214261501141095,NaN,linear,43.287612810830616,9.53275677846402,2.0680797553559507,0.5454249697264204,2.0594288497910074,0.0,NaN,NaN,,,0.4720000000000001,0.04214261501141096,1.0,0.0,946.3980458300721,204.23142201090553,323.1902513170333,91.64327577434682,11.837756850443805,51.50596233975133,100,232.3167995196816,11.540268452842739
45.95,4.58775544247947,NaN,linear,53.366992312063125,9.45456581599704,2.1741662378142634,0.590815132373773,2.183473013655929,0.0,NaN,NaN,,,0.45949999999999996,0.0458775544247947,1.0,0.0,936.9194691982057,214.63427139752326,325.3855339511839,87.17686696026823,10.628107384055548,46.113306877136324,100,235.99671918216416,10.27904486341371
48.75,3.7399866309921483,NaN,linear,65.79332246575683,9.003838380133617,2.9732301499788867,1.0621554475083035,2.9774191955681815,0.0,NaN,NaN,,,0.4875,0.0373998663099215,1.0,0.0,894.7249995705239,294.68034279462023,302.6792369793164,111.83651330883778,24.352526927662645,73.25917529114032,100,221.61013140374925,23.22435273299108
47.35,4.304358256465184,NaN,linear,81.11308307896873,8.617615339312586,3.1276340530533164,1.4209540361330562,3.102321131596576,0.0,NaN,NaN,,,0.47350000000000014,0.04304358256465185,1.0,0.0,853.9055912719963,308.9258660902702,288.69316625709564,124.33255922004274,26.95405258309401,66.86055776040506,100,214.42987212074007,24.93494221029119
49.25,3.713152299596665,NaN,linear,100.0,8.030328062461379,3.752313176594734,2.0124167825761043,3.7548602897778123,0.0,NaN,NaN,,,0.49250000000000005,0.03713152299596666,1.0,0.0,799.6988657324323,373.87640102351804,262.1013323493593,139.4782340909785,45.2478253679095,90.37581041666662,100,197.6151635586046,41.19800406111554
47.3,4.1,NaN,linear,123.28467394420684,7.104421366917062,4.439948114419495,2.924340620124714,4.40571193324777,0.0,NaN,NaN,,,0.47300000000000003,0.041000000000000016,1.0,0.0,703.5669335631403,439.5613019342204,240.24480357989927,160.2202541785728,70.7586118836886,109.70398769808426,100,189.77200062119155,62.20684382117721
49.45,4.080134801694669,NaN,linear,151.99110829529332,6.958092558765255,4.524805197267768,3.077975656144001,4.5105837870554515,0.0,NaN,NaN,,,0.49450000000000005,0.0408013480169467,1.0,0.0,693.1429849255867,450.30986598395975,229.1540432994544,158.08313262417272,73.74983644012289,113.50872620312089,100,180.73899124310998,64.2759023003078
47.35,3.902242944769072,NaN,linear,187.38174228603867,6.976755213184771,4.54915615841445,3.047894673354895,4.515815350056588,0.0,NaN,NaN,,,0.47350000000000003,0.039022429447690736,1.0,0.0,691.2115245591827,450.5383939336634,234.08014905516723,157.9828805215968,71.56004975318983,110.48226271531631,100,185.40503575046634,62.27038781332469
49.2,3.994996871087636,NaN,linear,231.0129700083158,6.507868593459012,4.754400145805321,3.5277906251925706,4.747604019501669,0.0,NaN,NaN,,,0.492,0.03994996871087636,1.0,0.0,648.1614825720707,473.1851883812421,216.17748651097173,164.78015754114293,84.8126156199738,117.3460371171436,100,173.82513288124156,72.3673089247772
47.05,3.6397115270306797,NaN,linear,284.8035868435805,6.496938630600668,4.746335483850742,3.516675262651507,4.71518829864721,0.0,NaN,NaN,,,0.47050000000000003,0.036397115270306805,1.0,0.0,644.333453616605,470.63725540277204,217.89274389912347,163.5449069425995,84.16377411269191,116.61424393477522,100,175.6825323293322,71.79676920974687
49.05,3.993432107849087,NaN,linear,351.11917342151276,6.032065226340379,4.895132985488744,4.0085587688268856,4.865629074184265,0.0,NaN,NaN,,,0.4905000000000001,0.03993432107849087,1.0,0.0,600.0846688346935,486.68022715407994,202.4831443391256,170.29073391612738,94.35815603477047,117.07641094028622,100,166.0973334443008,78.28961263163156
47.65,3.889408695418881,NaN,linear,432.87612810830615,5.9921225175093396,4.869188141329721,3.9918919192051336,4.853228352099517,0.0,NaN,NaN,,,0.47650000000000003,0.03889408695418882,1.0,0.0,596.8117872850804,484.89036244030416,201.67835571643474,167.90610878035847,98.32339113480595,123.35470586588856,100,165.77282345159227,82.3881900401907
49.3,4.196427051671457,NaN,linear,533.6699231206302,5.146744012141555,4.943071066538938,4.897507272498952,4.901158809864593,0.0,NaN,NaN,,,0.493,0.04196427051671457,1.0,0.0,511.1898150278108,490.55911846876336,173.35539205163846,176.54840790903222,115.52841390527976,117.23325733450577,100,146.86641812512352,91.54283642109964
47.65,3.8506492958980307,NaN,linear,657.9332246575682,5.977328634421967,4.872441014379503,4.0047989175803185,4.857089166188128,0.0,NaN,NaN,,,0.47650000000000003,0.03850649295898032,1.0,0.0,595.5210866564063,485.26784675160894,200.1005281612256,166.71782919283743,96.99040127205268,121.5830607414476,100,164.3720705573448,80.95198690180018
49.25,4.157823950096974,NaN,linear,811.130830789689,5.050398216161503,5.030992738589367,4.9937940697616865,4.989420025803153,0.0,NaN,NaN,,,0.4925,0.04157823950096974,1.0,0.0,501.56113674395874,499.4117365825508,172.57955712769973,176.5286529842092,118.41700237131556,120.30343548860246,100,147.07303498589243,93.47902316012858
47.7,3.6207733980463344,NaN,linear,1000.0,5.512570898089278,4.95426195636252,4.478509561703129,4.936007471629753,0.0,NaN,NaN,,,0.477,0.036207733980463355,1.0,0.0,548.1500212865496,492.44864789289977,185.02978081893852,170.2597670221585,112.77493406874981,128.79088125688673,100,154.64134291247768,92.71788617448345
13.1,1.786057109949175,NaN,linear,1e-06,11.835160502597239,0.3110685828978935,0.07959014660126647,0.0017682133955784017,0.6,NaN,NaN,,,0.131,0.017860571099491754,1.0,0.0,992.9814969708344,8.54656610893767,1403.2942893452507,83.11235260077606,0.006421234543236596,0.0002883377246015162,100,1263.223265223013,8.664310722550772e-05
13.8,2.3151673805580453,NaN,linear,1.232846739442066e-06,11.723985394696037,0.28166374057366766,0.0799546485159812,0.0017396841821462864,0.6,NaN,NaN,,,0.13799999999999996,0.023151673805580454,1.0,0.0,988.005469802017,9.114985154334228,1365.7169405842142,78.06279471440298,0.00649029262824541,0.000272104152815576,100,1228.2651070491681,9.754680893131344e-05
13.1,1.786057109949175,NaN,linear,1.519911082952933e-06,11.835160506974105,0.3110685726537435,0.0795901467529892,0.001768213292972825,0.6,NaN,NaN,,,0.131,0.017860571099491754,1.0,0.0,992.9814972495105,8.546565674885136,1403.294469322104,83.11214858950065,0.0064212345666070925,0.0002883377066112569,100,1263.2234450962644,8.664310644473466e-05
13.75,2.2332711434127295,NaN,linear,1.873817422860383e-06,11.723985403832641,0.28166374828851515,0.07995464915439254,0.0017396846547324872,0.6,NaN,NaN,,,0.13749999999999998,0.02233271143412729,1.0,0.0,988.0054699960922,9.114985554089452,1365.7168411798712,78.06317117144758,0.00649029272427145,0.0002721042163347374,100,1228.2650074305905,9.754680286944595e-05
13.1,1.786057109949175,NaN,linear,2.310129700083158e-06,11.835160508191365,0.31106856860519533,0.07959014711062964,0.0017682130320862916,0.6,NaN,NaN,,,0.131,0.017860571099491754,1.0,0.0,992.9814972543634,8.546565751606938,1403.2947446703438,83.11183996528732,0.0064212346199365,0.0002883376649132312,100,1263.2237204156913,8.66431028448318e-05
13.75,2.2332711434127295,NaN,linear,2.848035868435805e-06,11.723985413075981,0.281663752807768,0.07995464814369266,0.0017396846979332507,0.6,NaN,NaN,,,0.13749999999999998,0.02233271143412729,1.0,0.0,988.0054699775126,9.114985066669956,1365.716685126134,78.06373684657402,0.0064902925814542545,0.0002721042151480689,100,1228.2648511601158,9.75468216725582e-05
13.1,1.786057109949175,NaN,linear,3.5111917342151275e-06,11.835160505262786,0.3110685559973378,0.07959014758313077,0.0017682126942978466,0.6,NaN,NaN,,,0.131,0.017860571099491754,1.0,0.0,992.9814969037922,8.546565940737347,1403.295159192999,83.1113718749044,0.006421234691413028,0.0002883376094027538,100,1263.224135007667,8.664309910849263e-05
13.75,2.2332711434127295,NaN,linear,4.328761281083061e-06,11.723985424843143,0.2816637579035291,0.07995464778503439,0.0017396851746672845,0.6,NaN,NaN,,,0.13749999999999998,0.02233271143412729,1.0,0.0,988.0054697584004,9.11498495860522,1365.7164506470872,78.0646013090181,0.0064902925359274655,0.00027210427255566186,100,1228.2646164051528,9.754683349856118e-05
13.1,1.786057109949175,NaN,linear,5.336699231206313e-06,11.835160503338026,0.31106854250026583,0.07959014830807926,0.0017682121891663776,0.6,NaN,NaN,,,0.131,0.017860571099491754,1.0,0.0,992.9814965543641,8.546566490886997,1403.295791549662,83.11066072268257,0.006421234800670086,0.00028833752625564263,100,1263.2247674098896,8.664309296803502e-05
13.75,2.2332711434127295,NaN,linear,6.579332246575683e-06,11.723985449802617,0.2816637751105656,0.07995464728311782,0.0017396859141764077,0.6,NaN,NaN,,,0.13749999999999998,0.02233271143412729,1.0,0.0,988.0054699883565,9.114984925145537,1365.7160938799198,78.06591776120572,0.006490292473155089,0.00027210436222578686,100,1228.2642590527362,9.754685098730801e-05
13.1,1.786057109949175,NaN,linear,8.111308307896873e-06,11.835160515897869,0.31106850549877424,0.07959014962998819,0.0017682120392129123,0.6,NaN,NaN,,,0.131,0.017860571099491754,1.0,0.0,992.9814972473092,8.546565628684263,1403.2967568527222,83.10957827587121,0.006421234999359757,0.00028833749396916847,100,1263.2257324156542,8.664308123584893e-05
13.8,2.227105745132009,NaN,linear,1e-05,11.723985489043427,0.28166378600744857,0.07995464643209917,0.0017396869632920822,0.6,NaN,NaN,,,0.13799999999999998,0.02227105745132009,1.0,0.0,988.0054704978236,9.114984630825587,1365.7155514179708,78.06791217618694,0.0064902923642148995,0.0002721044871019234,100,1228.2637156706699,9.754687813291174e-05
13.25,1.8674849396983098,NaN,linear,1.2328467394420658e-05,11.862713078777983,0.3825455162377006,0.07957008570303861,0.0019921875455944974,0.6,NaN,NaN,,,0.1325,0.0186748493969831,1.0,0.0,993.7537842167034,10.775173311791642,1409.1945879213524,96.94555928877442,0.006429225256962385,0.0003064616585901007,100,1268.4706263319422,9.782671817347538e-05
12.65,1.5898113095584645,NaN,linear,1.5199110829529332e-05,11.80186159415942,0.28305843693792376,0.07985627783309247,0.0014886603811436819,0.6,NaN,NaN,,,0.1265,0.015898113095584646,1.0,0.0,993.2001584950101,9.144502967897626,1385.7633592783368,71.26287340348941,0.006469779091745044,0.00023292224261263857,100,1246.4794221906416,9.27539823889884e-05
13.25,1.8674849396983098,NaN,linear,1.873817422860383e-05,11.862713148415713,0.3825456949084362,0.07957008441872863,0.0019921921261985705,0.6,NaN,NaN,,,0.1325,0.0186748493969831,1.0,0.0,993.753784292622,10.775173411334203,1409.1973137233642,96.94678295117666,0.006429225070061335,0.0003064624616496278,100,1268.473350481769,9.782673565773428e-05
12.65,1.5898113095584645,NaN,linear,2.310129700083158e-05,11.80186148080385,0.28305839324694615,0.07985627963753245,0.0014886606608107262,0.6,NaN,NaN,,,0.1265,0.015898113095584646,1.0,0.0,993.2001582765027,9.144502693659565,1385.7595872454503,71.26317891458677,0.006469779402723709,0.0002329222139070454,100,1246.4756528333687,9.275400517592921e-05
13.25,1.8674849396983098,NaN,linear,2.8480358684358048e-05,11.862713261275358,0.3825459669517687,0.07957008247147962,0.0019921990557252,0.6,NaN,NaN,,,0.1325,0.0186748493969831,1.0,0.0,993.7537849422563,10.775173418902957,1409.201453349211,96.94864746979908,0.006429224786669824,0.00030646367708370267,100,1268.4774874299728,9.782676215175544e-05
12.65,1.5898113095584645,NaN,linear,3.511191734215127e-05,11.801861306045733,0.28305832492051336,0.07985628238552205,0.0014886610981848219,0.6,NaN,NaN,,,0.1265,0.015898113095584646,1.0,0.0,993.2001577821918,9.144502009866967,1385.7538515050492,71.26365122711506,0.006469779876481349,0.00023292217199491705,100,1246.4699212179096,9.275404004510964e-05
13.25,1.8674849396983098,NaN,linear,4.328761281083062e-05,11.862713413810674,0.38254637219263743,0.07957007951580898,0.0019922096167701918,0.6,NaN,NaN,,,0.1325,0.0186748493969831,1.0,0.0,993.7537845363156,10.775174075896533,1409.2077208847363,96.95149485248285,0.006429224357098064,0.0003064655284999922,100,1268.4837513465327,9.782680294589957e-05
12.65,1.5898113095584645,NaN,linear,5.3366992312063123e-05,11.801861049889409,0.28305821835288947,0.07985628649378275,0.0014886617609977907,0.6,NaN,NaN,,,0.1265,0.015898113095584646,1.0,0.0,993.2001578289498,9.144501625030411,1385.7451369574676,71.2643900086513,0.006469780586165508,0.00023292210914052435,100,1246.4612127165708,9.275409358839864e-05
13.25,1.8674849396983098,NaN,linear,6.579332246575683e-05,11.862713664267892,0.3825469930918927,0.0795700750450354,0.001992225650941626,0.6,NaN,NaN,,,0.1325,0.0186748493969831,1.0,0.0,993.7537853725831,10.775174804889305,1409.2172185441048,96.95585987371915,0.0064292237077285975,0.00030646834049048954,100,1268.4932430636966,9.78268650560329e-05
12.65,1.5898113095584645,NaN,linear,8.111308307896872e-05,11.801860645391772,0.28305805111980864,0.07985629289376894,0.0014886627300027813,0.6,NaN,NaN,,,0.1265,0.015898113095584646,1.0,0.0,993.200156758198,9.14449971590197,1385.7318825187708,71.26556519684898,0.0064697816896659745,0.00023292200477244106,100,1246.4479678255236,9.275417493056263e-05
13.25,1.8674849396983098,NaN,linear,0.0001,11.86271403305712,0.3825479428469459,0.07957006824315882,0.0019922500389337123,0.6,NaN,NaN,,,0.1325,0.0186748493969831,1.0,0.0,993.7537858940568,10.775175791651806,1409.2315694134577,96.96256782021244,0.006429222721294999,0.00030647261659674,100,1268.5075851833674,9.782696107404715e-05
12.65,1.5898113095584645,NaN,linear,0.0001232846739442066,11.801860041301246,0.2830578033120589,0.07985630253801816,0.001488664252071386,0.6,NaN,NaN,,,0.1265,0.015898113095584646,1.0,0.0,993.2001561271845,9.144497490559356,1385.7117295579471,71.26746466164161,0.006469783355589959,0.00023292185534767035,100,1246.4278291234841,9.275430054647387e-05
13.25,1.8674849396983098,NaN,linear,0.0001519911082952933,11.862714592774378,0.3825493824855702,0.07957005794616077,0.0019922871140208146,0.6,NaN,NaN,,,0.1325,0.0186748493969831,1.0,0.0,993.7537869535403,10.775177287660565,1409.2531898875216,96.97293793920467,0.006429221231245983,0.00030647911776700585,100,1268.5291923778993,9.782710969059928e-05
12.65,1.5898113095584645,NaN,linear,0.0001873817422860385,11.801859111772577,0.28305742593676614,0.07985631649188338,0.0014886661820742442,0.6,NaN,NaN,,,0.1265,0.015898113095584646,1.0,0.0,993.200154666915,9.144494393447019,1385.681080968824,71.27062303250922,0.006469785789262074,0.00023292156885473093,100,1246.3972024746947,9.275450561022856e-05
13.3,1.8466185312619388,NaN,linear,0.00023101297000831605,11.862715437271937,0.3825515701632368,0.07957004240945392,0.0019923434664965967,0.6,NaN,NaN,,,0.133,0.018466185312619388,1.0,0.0,993.753788917575,10.775179998250614,1409.285611760047,96.98910315904006,0.006429218990804896,0.00030648899904012347,100,1268.561594214357,9.782734176259977e-05
12.65,1.5898113095584645,NaN,linear,0.0002848035868435802,11.801857684702602,0.28305686398071017,0.07985633953154062,0.0014886701275810587,0.6,NaN,NaN,,,0.1265,0.015898113095584646,1.0,0.0,993.2001521637183,9.144489852240334,1385.6344675480436,71.27604372414976,0.0064697897623847925,0.00023292128988616447,100,1246.3506227380697,9.275479900809619e-05
13.25,1.8674849396983098,NaN,linear,0.0003511191734215131,11.862716683272632,0.38255490512678436,0.07957001879279237,0.0019924292539047284,0.6,NaN,NaN,,,0.1325,0.0186748493969831,1.0,0.0,993.7537907710648,10.775182905389741,1409.3338556245624,97.01459720277956,0.00642921560259255,0.0003065040424261668,100,1268.6098085169676,9.782771190721964e-05
12.7,1.5842979517754863,NaN,linear,0.0004328761281083057,11.801855497053635,0.28305602542646086,0.07985637352119704,0.0014886756229386114,0.6,NaN,NaN,,,0.127,0.015842979517754863,1.0,0.0,993.2001488060508,9.144482412628475,1385.563557702259,71.28569097030366,0.006469795672232426,0.00023292078792338353,100,1246.2797645289238,9.275528027548658e-05
13.25,1.8674849396983098,NaN,linear,0.0005336699231206312,11.862718531519635,0.3825599765237857,0.07956998333927034,0.0019925597595569144,0.6,NaN,NaN,,,0.1325,0.0186748493969831,1.0,0.0,993.7537942852468,10.775188022007168,1409.4047897361513,97.05545833897963,0.006429210557892518,0.00030652692733997065,100,1268.680698778092,9.782830928075792e-05
12.7,1.5842979517754863,NaN,linear,0.0006579332246575682,11.801852113590579,0.2830547824205356,0.07985642528717253,0.0014886841581777618,0.6,NaN,NaN,,,0.127,0.015842979517754863,1.0,0.0,993.2001435854779,9.144471396269441,1385.4557246341121,71.30355541775286,0.006469804715995659,0.00023292005350810473,100,1246.1720113230497,9.275605634989055e-05
13.25,1.8674849396983098,NaN,linear,0.0008111308307896872,11.862721219454137,0.3825677091619526,0.07956993027873599,0.0019927584786228747,0.6,NaN,NaN,,,0.1325,0.0186748493969831,1.0,0.0,993.7537999513249,10.775196590778393,1409.5070077564408,97.12237099725976,0.006429203104091854,0.00030656177439049943,100,1268.7828530259533,9.78292995289472e-05
12.7,1.5842979517754863,NaN,linear,0.001,11.801846843001996,0.2830529603192177,0.07985650425277978,0.0014886976071427068,0.6,NaN,NaN,,,0.127,0.015842979517754863,1.0,0.0,993.200136018039,9.144454722461772,1385.2919682386525,71.33783290534114,0.00646981860988498,0.00023291901051619048,100,1246.0083793329763,9.275733841074526e-05
13.25,1.8674849396983098,NaN,linear,0.0012328467394420659,11.862725009546764,0.38257951831067494,0.07956985153052537,0.001993061316498846,0.6,NaN,NaN,,,0.1325,0.0186748493969831,1.0,0.0,993.7538078633739,10.775209321251712,1409.6492723340655,97.23488895838263,0.006429192267190575,0.0003066148809419084,100,1268.9250276819391,9.783099460072363e-05
12.7,1.5842979517754863,NaN,linear,0.0015199110829529348,11.80183851968123,0.2830503462732429,0.07985662493208247,0.0014887192722320187,0.6,NaN,NaN,,,0.127,0.015842979517754863,1.0,0.0,993.2001236018048,9.144428573026389,1385.0444689007018,71.40522065557184,0.0064698400671095975,0.00023291761935806472,100,1245.7610764560702,9.275952156630234e-05
13.3,1.9,NaN,linear,0.001873817422860385,11.86273010324382,0.3825975891667824,0.079569736394194,0.001993523436303608,0.6,NaN,NaN,,,0.133,0.019,1.0,0.0,993.7538191454902,10.775228214631484,1409.8347546569337,97.42994606836457,0.006429176955528658,0.0003066959210621968,100,1269.1103891545265,9.783400568713757e-05
12.7,1.5842979517754863,NaN,linear,0.0023101297000831605,11.801825188697636,0.2830467269794402,0.07985680885216238,0.0014887550947483695,0.6,NaN,NaN,,,0.127,0.015842979517754863,1.0,0.0,993.200105107699,9.144389246352139,1384.6756450229332,71.53767758366105,0.006469873306375237,0.00023291597248900492,100,1245.3925672383552,9.276338632443653e-05
13.3,1.9,NaN,linear,0.002848035868435802,11.862736335778012,0.3826253831485088,0.07956957218503273,0.0019942298517122074,0.6,NaN,NaN,,,0.133,0.019,1.0,0.0,993.7538356272349,10.775257561075556,1410.0446920235336,97.77873142025473,0.006429156391364512,0.00030681979913893727,100,1269.3201786513457,9.78395736553779e-05
12.7,1.5842979517754863,NaN,linear,0.003511191734215131,11.801803399980257,0.28304186107012536,0.07985708929023937,0.0014888164601003933,0.6,NaN,NaN,,,0.127,0.015842979517754863,1.0,0.0,993.2000775335667,9.144327971171721,1384.1477484874383,71.78438649412443,0.0064699252038943715,0.00023291459981300924,100,1244.8651849956527,9.277049398510837e-05
13.25,1.8674849396983098,NaN,linear,0.004328761281083062,11.86274234386431,0.3826685280920959,0.07956934815233799,0.001995311836004807,0.6,NaN,NaN,,,0.1325,0.0186748493969831,1.0,0.0,993.7538579816177,10.775302421880804,1410.1978143904123,98.41920972325188,0.006429131441266089,0.00030700950908875803,100,1269.473158473501,9.785027587811605e-05
12.7,1.5842979517754863,NaN,linear,0.005336699231206312,11.801766977184467,0.2830355843540161,0.07985751291092658,0.0014889253700076889,0.6,NaN,NaN,,,0.127,0.015842979517754863,1.0,0.0,993.2000354532887,9.144234448190808,1383.4753268100599,72.16401584923008,0.006470006455151579,0.00023291509602561014,100,1244.1936230262982,9.278408683277515e-05
13.25,1.8674849396983098,NaN,linear,0.006579332246575682,11.862743479568417,0.38273674200245333,0.07956906629797482,0.001996971019168028,0.6,NaN,NaN,,,0.1325,0.0186748493969831,1.0,0.0,993.7538857296955,10.77537139411215,1410.0673078567559,99.61094557828186,0.00642910783311034,0.0003073002503914757,100,1269.3426249947129,9.787152157882775e-05
12.65,1.5256146302392357,NaN,linear,0.008111308307896872,11.801705058228071,0.2830270286086417,0.07985814014136296,0.0014891213906478944,0.6,NaN,NaN,,,0.1265,0.01525614630239236,1.0,0.0,993.1999728835281,9.144090630001882,1382.8807374754297,72.43860358786293,0.006470133545443278,0.00023292090267978708,100,1243.6004951940236,9.281099860571133e-05
13.25,1.8674849396983098,NaN,linear,0.01,11.862726444461586,0.3828485813763161,0.0795687608520703,0.0019995043161361967,0.6,NaN,NaN,,,0.1325,0.0186748493969831,1.0,0.0,993.7539159332175,10.775474825615673,1409.2078993192354,101.72857056472681,0.006429102277893498,0.00030774330158823466,100,1268.483620623107,9.79145743595416e-05
12.65,1.5256146302392357,NaN,linear,0.012328467394420659,11.801598914273393,0.2830104691985743,0.07985906481873593,0.0014894715800024686,0.6,NaN,NaN,,,0.1265,0.01525614630239236,1.0,0.0,993.1998794158213,9.143870385786547,1382.8085704910075,71.94998827987212,0.006470336497271019,0.0002329386125581232,100,1243.5308335576285,9.286626354795169e-05
13.3,1.9,NaN,linear,0.01519911082952933,11.862657291021318,0.3830400947266361,0.07956849526713791,0.0020032815333316865,0.6,NaN,NaN,,,0.13300000000000003,0.019,1.0,0.0,993.7539411627449,10.775624191762361,1407.4486926714737,104.26074108278301,0.006429148128573986,0.00030840067048645966,100,1266.7260546672526,9.800268949743751e-05
12.65,1.4239030865898141,NaN,linear,0.01873817422860383,11.801407004770361,0.28295785418699076,0.07986058725122033,0.0014901308038834944,0.6,NaN,NaN,,,0.1265,0.014239030865898146,1.0,0.0,993.1997236691448,9.143547182346593,1382.5275848854826,71.24316516676907,0.00647069864953439,0.00023298900216988562,100,1243.2543775932397,9.298525342461486e-05
12.75,1.2196310917650468,NaN,linear,0.02310129700083158,11.720431657029028,0.2585222792816934,0.08044788386898889,0.0018118206620180712,0.6,NaN,NaN,,,0.1275,0.01219631091765047,1.0,0.0,994.0582417748786,8.865197327845925,1361.3270949922057,70.11161506085492,0.006569765837047089,0.0002907593828994614,100,1223.9585767651176,9.790381804876602e-05
13.45,1.4654350889752847,NaN,linear,0.028480358684358047,11.831183114062236,0.3229591237699602,0.07985197233084027,0.001554570247668161,0.6,NaN,NaN,,,0.1345,0.014654350889752846,1.0,0.0,995.813826481105,10.554875181628898,1368.2811061259954,87.74488202577336,0.006471370011127993,0.0002436309982330851,100,1228.304212247524,9.503252600271351e-05
12.8,1.1661903789690602,NaN,linear,0.03511191734215135,11.719762754068542,0.25871635565604517,0.08045075747674568,0.0018083234480862464,0.6,NaN,NaN,,,0.128,0.011661903789690602,1.0,0.0,994.0579383054604,8.865528207436604,1364.8582159488835,67.9034194526078,0.006570828093654457,0.0002901273339607174,100,1227.5053769372312,9.850371507230618e-05
13.5,1.5968719422671311,NaN,linear,0.043287612810830614,11.830057712747442,0.32234362716820586,0.07985052300815826,0.001552001449990342,0.6,NaN,NaN,,,0.135,0.015968719422671314,1.0,0.0,995.8139818142301,10.555858775679472,1376.8923644356562,90.85431430290213,0.006471401653227417,0.0002429889310509887,100,1236.942098948721,9.529562855100618e-05
12.9,1.1789826122551597,NaN,linear,0.05336699231206313,11.717851000315404,0.2590049104970585,0.08045453343547605,0.0018052612859751798,0.6,NaN,NaN,,,0.129,0.011789826122551597,1.0,0.0,994.0575514883,8.86560531851338,1361.8633223045404,74.69170690906029,0.00657255780005792,0.0002895539084095872,100,1224.5552902389477,9.962584973778595e-05
13.5,1.6278820596099706,NaN,linear,0.06579332246575682,11.828692256292928,0.32217053864555517,0.07984971091347838,0.0015485617566854033,0.6,NaN,NaN,,,0.135,0.016278820596099707,1.0,0.0,995.8140392552635,10.557059466545136,1384.6322128993215,82.97213777136858,0.0064720996484510795,0.0002421597928681615,100,1244.7142524052372,9.61233154850113e-05
13.15,1.1947803145348521,NaN,linear,0.08111308307896872,11.714052048556091,0.25842080282682434,0.08045814021964952,0.0018044817548936954,0.6,NaN,NaN,,,0.1315,0.011947803145348523,1.0,0.0,994.0572557882808,8.865748415196789,1362.7870527607276,73.05868763845457,0.006575519571264587,0.00028952628540503193,100,1225.5680373644466,0.00010200724365980333
13.6,1.4628738838327793,NaN,linear,0.1,11.824391786780849,0.31855214096604156,0.07985359264011999,0.0015493135401239142,0.6,NaN,NaN,,,0.136,0.014628738838327793,1.0,0.0,995.8136598966505,10.559192128965666,1385.631694656887,77.79598658454223,0.006474859311962424,0.00024209844086571378,100,1245.8154535295967,9.826305442819919e-05
13.05,1.395528573695286,NaN,linear,0.12328467394420659,11.708001072120497,0.25596576847471786,0.08046716394417872,0.0018134390933931543,0.6,NaN,NaN,,,0.1305,0.013955285736952865,1.0,0.0,994.056267862019,8.865956299240727,1356.2786084384672,74.03106392526702,0.006582217831682235,0.0002917278489299294,100,1219.2013193336925,0.00010725335846289988
13.85,1.558043645088288,NaN,linear,0.1519911082952933,11.814674395862705,0.32020519550835913,0.07986827312421692,0.0015623591891097618,0.6,NaN,NaN,,,0.1385,0.015580436450882883,1.0,0.0,995.8121671370238,10.562878822146297,1373.2172709805561,88.60780111277104,0.006482537342668532,0.0002442849812470589,100,1233.6307399003024,0.00010359629082402137
13.25,1.7853571071357126,NaN,linear,0.1873817422860383,11.69675253755822,0.2538704292098341,0.08049168766023758,0.001850453181423207,0.6,NaN,NaN,,,0.1325,0.017853571071357124,1.0,0.0,994.0537498259613,8.864728522582752,1346.1120313658953,78.92873532475181,0.006598037271187023,0.00029975070048453577,100,1209.2980114410207,0.00011912548879377997
13.95,1.3955285736952863,NaN,linear,0.23101297000831628,11.793200917778918,0.324154275415336,0.07990139524383362,0.0015850325975769778,0.6,NaN,NaN,,,0.1395,0.013955285736952863,1.0,0.0,995.8087207575863,10.566880115261892,1350.714656517607,98.17033103541638,0.006501310696843232,0.00024856006175082856,100,1211.6350686305054,0.00011707773493191368
14.0,2.04939015319192,NaN,linear,0.2848035868435805,11.671510069409138,0.26561889112485043,0.08057750716616459,0.00192458063765057,0.6,NaN,NaN,,,0.14,0.0204939015319192,1.0,0.0,994.0450893839634,8.861561412166921,1319.9684821517492,102.87416326961078,0.006638666913241008,0.0003132843281350829,100,1183.7443348514303,0.0001459322521277019
14.25,1.894069692487581,NaN,linear,0.35111917342151344,11.752863036617004,0.33558548292844737,0.07997790008877985,0.0016166822349629377,0.6,NaN,NaN,,,0.14250000000000002,0.01894069692487581,1.0,0.0,995.801198345421,10.570598741274555,1344.159212369663,110.0819564778462,0.006545292269942924,0.00025294328056461044,100,1206.0294228121847,0.00014882776733207253
15.7,2.3043437243605824,NaN,linear,0.43287612810830617,11.58408757823329,0.27748498253658804,0.08069613987278404,0.001963949450134447,0.6,NaN,NaN,,,0.157,0.023043437243605826,1.0,0.0,994.0333761531998,8.859794634986802,1255.9367611199016,90.16803955246742,0.006711041895630867,0.00031856652065590223,100,1121.7456760997227,0.00019917490526294104
15.3,1.76351920885484,NaN,linear,0.5336699231206312,11.66612346235607,0.35972989116772974,0.0801698199763548,0.0016497271196578053,0.6,NaN,NaN,,,0.153,0.017635192088548395,1.0,0.0,995.7821006692715,10.57886728247333,1290.054474902851,132.01221012392045,0.00664928137522847,0.00025709601066671594,100,1153.9560382639163,0.00022208134018733116
17.2,2.227105745132009,NaN,linear,0.6579332246575682,11.457525405181205,0.27762109141693514,0.08079591135425483,0.002003518201502389,0.6,NaN,NaN,,,0.172,0.02227105745132009,1.0,0.0,994.0233730340742,8.862392530541866,1162.358665818005,97.35879027869353,0.006826048783863804,0.00032752245592288014,100,1031.0837774076322,0.0002980694922991993
17.6,2.0832666655999654,NaN,linear,0.8111308307896873,11.462917997039575,0.3462250161832076,0.08045543622738927,0.0016138273134798332,0.6,NaN,NaN,,,0.176,0.020832666655999654,1.0,0.0,995.7534741977906,10.58555747653007,1131.509791401801,123.86397247695749,0.006838506699731694,0.00024830521443484037,100,1000.1113023949472,0.000365429481192192
20.65,2.8857408061016145,NaN,linear,1.0,11.239970915954878,0.2998775049216863,0.08076378842891323,0.0020572138956158888,0.6,NaN,NaN,,,0.20650000000000004,0.028857408061016155,1.0,0.0,994.0266136203221,8.869196765738318,1019.2275198956793,107.37660779701163,0.006988208611126713,0.00036261044663063376,100,892.8905737041678,0.00046541908973645396
21.85,2.515452245621053,NaN,linear,1.232846739442066,11.135857364485936,0.3210763821721611,0.08039972830482973,0.0017173979557066421,0.6,NaN,NaN,,,0.2185,0.025154522456210537,1.0,0.0,995.7590318128312,10.586840118177344,948.4223656287612,114.233982745755,0.007056035891557949,0.0002673889544367637,100,824.4150463865856,0.0005919195800675092
23.95,3.007906248539007,NaN,linear,1.5199110829529332,10.941063702661186,0.2641809085047743,0.08011017223271341,0.0021793655897708,0.6,NaN,NaN,,,0.2395,0.030079062485390065,1.0,0.0,994.0920408009111,8.887329359461102,844.9779621657158,95.83175333570148,0.007092607974683036,0.0003935085184270328,100,725.2710872200257,0.0006749682795280293
26.0,2.4289915602982237,NaN,linear,1.873817422860383,10.787080500259112,0.28583525791518805,0.07934148343157048,0.002110681104225798,0.6,NaN,NaN,,,0.26000000000000006,0.024289915602982243,1.0,0.0,995.8649021975683,10.604116413961162,782.3379918517868,99.86113591156979,0.007141970142377063,0.00037045323691227075,100,665.9768861327165,0.0008468991492548907
27.55,3.089902911096075,NaN,linear,2.310129700083163,10.66428084608971,0.22908347773575274,0.07874923756573617,0.002446327137347686,0.6,NaN,NaN,,,0.2755,0.030899029110960756,1.0,0.0,994.2281285825375,8.900753838405263,707.045459804064,113.51336855587559,0.007187620409307606,0.00047301993191844154,100,593.3185738397881,0.0009861779921228543
29.6,3.3376638536557275,NaN,linear,2.848035868435805,10.535647310974046,0.2576625575754398,0.07741485159369206,0.0028958991826518775,0.6,NaN,NaN,,,0.296,0.03337663853655728,1.0,0.0,996.0575641821076,10.656129490167856,658.8665437928024,110.04485597352384,0.007182689858930276,0.0005887531723268618,100,547.8666795315678,0.0011896306116569095
31.65,3.7319565913874184,NaN,linear,3.5111917342151346,10.444182114601562,0.22227673417765337,0.07668500617649048,0.0028597515590025923,0.6,NaN,NaN,,,0.3165,0.03731956591387419,1.0,0.0,994.4345537258423,8.895102252985742,591.2662553997443,112.12642729706285,0.007269813622243375,0.0006674201967319629,100,482.18531535678113,0.0013892234499549923
32.75,3.1760824926314495,NaN,linear,4.328761281083062,10.360756704964299,0.24148060102159288,0.07495014137205783,0.004015874219346665,0.6,NaN,NaN,,,0.3275,0.03176082492631449,1.0,0.0,996.3040378891243,10.741040692957654,564.2596523497502,104.3395237609721,0.007263102304829905,0.0009104682855610543,100,456.9143728502876,0.001645578613138451
34.95,3.747999466382032,NaN,linear,5.336699231206313,10.28068947062163,0.23162379143174164,0.07380503901698757,0.0036868144723891296,0.6,NaN,NaN,,,0.34950000000000003,0.03747999466382032,1.0,0.0,994.7225553325361,8.875349489566231,503.62615978349584,95.18085630172885,0.00723633374065898,0.0008804487655940537,100,397.9335837921454,0.001789149956359923
35.8,3.722902093797257,NaN,linear,6.5793322465756825,10.233548829657854,0.2530921654245136,0.07204962013299845,0.005531421215703194,0.6,NaN,NaN,,,0.358,0.03722902093797257,1.0,0.0,996.5940895036194,10.825680503684534,494.6959483581203,93.26886532183542,0.007324465719887332,0.001290494084095589,100,389.9704267091287,0.0021333179585779558
38.2,3.994996871087636,NaN,linear,8.111308307896872,10.172957032373583,0.22225959264584527,0.07035549357290165,0.005527444975688943,0.6,NaN,NaN,,,0.382,0.039949968710876346,1.0,0.0,995.0675097627134,8.831733785006824,444.5190036918591,85.07014751066913,0.0071515206774497115,0.0013069855430161445,100,341.02994890933996,0.002201625201563106
39.05,4.0183952020676115,NaN,linear,10.0,10.124823894013163,0.2734356289718019,0.0689386548060039,0.007613705651853338,0.6,NaN,NaN,,,0.39050000000000007,0.040183952020676116,1.0,0.0,996.9051857481747,10.94681439845758,441.00105105804295,85.73038738925278,0.007402938535108403,0.0018019796737486367,100,338.48899217326306,0.002650400408647038
39.7,3.606937759374287,NaN,linear,12.32846739442066,10.111456440586,0.2238076033536798,0.06702364328066672,0.008498252217239407,0.6,NaN,NaN,,,0.397,0.03606937759374287,1.0,0.0,995.4006947123271,8.759853314702061,410.78503472978423,72.88993920832803,0.007237673882928838,0.002191199634759461,100,308.5434833799161,0.0027455051243147773
41.2,4.1303752856126765,NaN,linear,15.199110829529332,10.05770524976473,0.28435775788465806,0.06632056374373713,0.010913363505670952,0.6,NaN,NaN,,,0.41200000000000003,0.04130375285612677,1.0,0.0,997.1669953346524,11.137368917941062,402.2289518306683,82.10752086891573,0.007721204892176731,0.0027964581528622913,100,301.0715169395233,0.003322787716889631
41.8,3.385262175962151,NaN,linear,18.738174228603867,10.079182055619828,0.22721213743466556,0.06481796406288222,0.013553015859210912,0.6,NaN,NaN,,,0.418,0.03385262175962152,1.0,0.0,995.621262464147,8.665461194296823,384.98341284092265,60.821893188709275,0.007844209674738345,0.004151586640354264,100,283.3935019305939,0.0036428412094812535
43.4,4.442971978304612,NaN,linear,23.10129700083163,10.027165686045374,0.289419083578411,0.0654717087921802,0.01652531008960885,0.6,NaN,NaN,,,0.434,0.044429719783046134,1.0,0.0,997.2518815639567,11.407824442120758,376.2972934412711,76.5948247419774,0.008830144127005765,0.0049951475293249815,100,275.7532417458653,0.00454359947483772
43.65,3.1823733281939126,NaN,linear,28.48035868435805,10.05471435905437,0.2279909717782975,0.0663070550541227,0.026683348449436234,0.6,NaN,NaN,,,0.4365,0.031823733281939125,1.0,0.0,995.4723544855057,8.693242365114548,366.85574227827794,53.980102910596834,0.010726446137074958,0.011996633225431921,100,265.7584614361038,0.0063298205871245
45.35,4.174625731727337,NaN,linear,35.111917342151344,10.008688405245797,0.2918665236345192,0.06833798984810914,0.029473783150301205,0.6,NaN,NaN,,,0.4534999999999999,0.04174625731727336,1.0,0.0,996.9652530917438,12.052944173686187,356.2811845382894,67.14044198315237,0.012306678060528799,0.01331720645300225,100,256.10734094498775,0.007636597204048531
47.5,5.774945887192364,NaN,linear,43.287612810830616,9.33595352007844,2.1066197801933444,0.63176736662134,2.1245175422616946,0.6,NaN,NaN,,,0.4750000000000001,0.05774945887192365,1.0,0.0,937.0120734684164,211.1292694538403,314.0849938900813,94.66133529535213,13.77583350829674,58.56098929385915,100,226.92496576101627,13.376703502769077
46.9,3.5057096285916205,NaN,linear,53.366992312063125,9.406345500378265,2.150469838364885,0.5554966589940015,2.1194232757750116,0.6,NaN,NaN,,,0.46899999999999986,0.03505709628591622,1.0,0.0,945.1032791336222,215.1202917963742,313.15808659073525,83.8988387520545,13.347874469181857,58.11197627488531,100,224.6787509182488,13.03929793102836
48.05,4.811184885243967,NaN,linear,65.79332246575683,8.379030460544074,3.4871096707766736,1.5874757965454624,3.512262203972318,0.6,NaN,NaN,,,0.48049999999999987,0.04811184885243967,1.0,0.0,841.4412219810354,349.7101194150072,279.5397765706579,129.89517599336665,36.5796654253501,86.6985901219574,100,209.33162511193248,34.059586020732446
47.8,3.3999999999999995,NaN,linear,81.11308307896873,8.868285059431622,2.841063919830187,1.0900536807050403,2.851167570767798,0.6,NaN,NaN,,,0.47800000000000004,0.034,1.0,0.0,891.6475686550414,284.99266073427617,286.1104711232352,106.53123119111255,26.246067550553082,78.31066865049856,100,207.46399122789705,25.057850523734476
48.4,4.747630988187687,NaN,linear,100.0,7.736074303955103,3.9371112622579423,2.2432995257274095,3.960337192802244,0.6,NaN,NaN,,,0.484,0.047476309881876885,1.0,0.0,775.858852499564,394.2827989713216,254.19374275417957,143.6109294134323,47.383423844969435,89.65767587594856,100,194.34689711786513,42.35103108284061
48.75,3.404041715373065,NaN,linear,123.28467394420684,6.738974710006414,4.412008695186061,3.2321915701554236,4.450214993460331,0.6,NaN,NaN,,,0.4875000000000001,0.034040417153730664,1.0,0.0,677.4337556847549,444.28156950309693,219.72015890283512,158.47873398537237,84.15769557538489,121.97036133025782,100,174.30637876072907,73.71063322920111
48.5,4.620606020859169,NaN,linear,151.99110829529332,6.75673724802916,4.448056227277845,3.225271803582352,4.493825284803293,0.6,NaN,NaN,,,0.485,0.0462060602085917,1.0,0.0,677.6616491489438,446.111125046752,221.86287651683026,158.2759178941458,70.39090382836547,104.8073881412457,100,176.2093782779256,59.98852562138211
48.4,2.973213749463701,NaN,linear,187.38174228603867,5.988793688506454,4.797758058659448,3.972704145352764,4.826017659173401,0.6,NaN,NaN,,,0.484,0.029732137494637025,1.0,0.0,603.3825292723071,483.1297679591608,200.28059883832395,166.1932114409744,101.4405955501357,124.96072518872509,100,164.41494899482922,85.65821732363266
48.4,4.223742416388575,NaN,linear,231.0129700083158,5.947732788269681,4.82359653305647,4.029401809763716,4.866292121330749,0.6,NaN,NaN,,,0.484,0.04223742416388576,1.0,0.0,597.248620934933,484.34023248922296,200.44598276784342,169.01737628402833,91.03886551936864,112.56392491484779,100,165.0704574471852,74.80278657484153
48.75,3.253843880704789,NaN,linear,284.8035868435805,5.545548982181049,4.822414829268295,4.413597460678459,4.868639546516882,0.6,NaN,NaN,,,0.4875,0.03253843880704789,1.0,0.0,559.293196414607,486.21576077865285,179.769057695683,163.76092078559466,110.59840793608211,122.98726726783953,100,149.01594418191374,91.11856539117477
48.6,4.17612260356422,NaN,linear,351.11917342151276,5.442491070666545,4.892449487302639,4.5281052258270815,4.943877063186313,0.6,NaN,NaN,,,0.48599999999999993,0.04176122603564222,1.0,0.0,547.378277803174,492.03291965310194,180.7988259964611,168.8622154092249,104.02912091334758,117.4745181527809,100,151.17811694217602,83.52538397718506
48.7,3.2572994949804666,NaN,linear,432.87612810830615,5.448317605467127,4.912021896219408,4.509722129807928,4.9624833118201,0.6,NaN,NaN,,,0.487,0.032572994949804666,1.0,0.0,549.6807340653214,495.3440643362635,177.33168630845276,162.82696250330324,112.9817445954694,127.3853864593736,100,147.6475215784097,92.64415090739004
48.4,4.305810028322197,NaN,linear,533.6699231206302,4.1291340349273575,4.759421877315741,5.858557076239282,4.794252424287611,0.6,NaN,NaN,,,0.4839999999999999,0.04305810028322199,1.0,0.0,414.33306033969603,477.2542434253976,137.38505840099668,170.96749723686557,138.49421956878626,116.74466583074533,100,120.33531052260122,104.1715285532329
48.8,3.203123475609393,NaN,linear,657.9332246575682,5.437638799037075,4.911890088168404,4.519450407423548,4.963526237336452,0.6,NaN,NaN,,,0.488,0.03203123475609394,1.0,0.0,548.7079032814523,495.445357812354,175.84154804686239,161.45659138468272,111.05848019173575,125.2202678314685,100,146.273632338069,90.63304820657487
48.4,4.2708313008125245,NaN,linear,811.130830789689,3.9874697496356326,4.855279162613176,6.00226319562128,4.891542735598958,0.6,NaN,NaN,,,0.4839999999999999,0.042708313008125255,1.0,0.0,399.96248242810555,486.9726850067835,136.21717205610446,170.96626831862295,143.56344225213815,121.16825013456975,100,120.31725705184522,107.53627878262836
48.65,3.15079355083763,NaN,linear,1000.0,4.955770359912585,4.9317305247205825,4.997291134057891,4.9899699705573,0.6,NaN,NaN,,,0.48650000000000004,0.031507935508376314,1.0,0.0,500.9238331224037,498.2997504194324,159.04097243026607,161.42528568944823,123.14282094214934,125.61298768559807,100,134.48131257007796,98.16990226361574
