Survive,Survive_bar,chi,dynamics,epsilon,lam_min,lam_min_cor,lam_min_ran,mean_N,mean_N_bar,mean_R,mean_R_bar,mu,nu,nu_threshold,opti_f,opti_f_bar,phi_N,phi_N_bar,phi_R,phi_R_bar,power,power_bar,q_N,q_N_bar,q_R,q_R_bar,sample_size,size,var_N,var_R
1.101,0.320622831,NaN,crossfeeding,1.00E-06,9.50E-14,2.19E-18,-1.36E-18,11.68760349,0.791513553,1.25215315,0.069823455,1,NaN,NaN,,,0.01101,0.003206228,1,0,874.7846539,6.982344793,13722.6569,1945.088796,1.603696499,0.174376119,1000,100,13586.05683,0.035808987
1.091,0.317362569,NaN,crossfeeding,1.42E-06,1.62E-13,4.16E-18,-4.59E-18,11.71405962,0.819965227,1.249990589,0.072440702,1,NaN,NaN,,,0.01091,0.003173626,1,0,875.0009097,7.244068725,13789.15356,2004.778797,1.598565953,0.180752043,1000,100,13651.93436,0.036089481
1.079079079,0.307973376,NaN,crossfeeding,2.02E-06,2.60E-13,4.16E-17,4.16E-17,11.72477697,0.810361882,1.248873391,0.071405053,1,NaN,NaN,,,0.010790791,0.003079734,1,0,875.1126314,7.14050527,13812.70798,1987.822218,1.595573579,0.178073569,1000,100,13675.23758,0.035888831
1.103,0.329227885,NaN,crossfeeding,2.87E-06,7.71E-13,9.66E-18,5.41E-19,11.71431504,0.862429645,1.250311243,0.074430581,1,NaN,NaN,,,0.01103,0.003292279,1,0,874.9688443,7.443056437,13796.89615,2151.356908,1.59967821,0.184307899,1000,100,13659.67097,0.036400006
1.078,0.293114312,NaN,crossfeeding,4.08E-06,1.17E-12,5.79E-18,1.31E-17,11.69378356,0.788037837,1.251583518,0.070178115,1,NaN,NaN,,,0.01078,0.002931143,1,0,874.8416173,7.017810824,13736.55776,1916.698361,1.602295058,0.175694753,1000,100,13599.81318,0.035833756
1.098,0.329235478,NaN,crossfeeding,5.79E-06,2.92E-12,3.96E-17,2.99E-17,11.7548351,0.823664438,1.2462403,0.072873762,1,NaN,NaN,,,0.01098,0.003292355,1,0,875.3759387,7.287374802,13885.45713,2010.996272,1.589100803,0.181900194,1000,100,13747.28098,0.035985918
1.083,0.290018965,NaN,crossfeeding,8.23E-06,5.39E-12,5.44E-17,4.65E-17,11.72926688,0.829115907,1.248625695,0.07257985,1,NaN,NaN,,,0.01083,0.00290019,1,0,875.1373993,7.257984285,13826.31346,2042.334691,1.595115234,0.180502673,1000,100,13688.73776,0.036049108
1.09,0.293087018,NaN,crossfeeding,1.17E-05,1.16E-11,1.17E-16,1.23E-16,11.72462555,0.870456785,1.249345422,0.073909278,1,NaN,NaN,,,0.0109,0.00293087,1,0,875.0654264,7.390925939,13822.45391,2210.071511,1.59714301,0.182350247,1000,100,13684.98707,0.036279026
1.106,0.338768357,NaN,crossfeeding,1.66E-05,2.60E-11,2.43E-16,2.36E-16,11.75374046,0.834793043,1.246438011,0.073486932,1,NaN,NaN,,,0.01106,0.003387684,1,0,875.356168,7.348692581,13884.72941,2046.480812,1.589693547,0.18313342,1000,100,13746.579,0.036085832
1.076,0.279685538,NaN,crossfeeding,2.36E-05,3.93E-11,3.31E-16,3.26E-16,11.68090199,0.798705029,1.252899111,0.071105622,1,NaN,NaN,,,0.01076,0.002796855,1,0,874.7100588,7.110561707,13708.14009,1946.651914,1.605780991,0.178170373,1000,100,13571.69662,0.03602481
1.066,0.263901497,NaN,crossfeeding,3.35E-05,6.59E-11,8.88E-16,8.89E-16,11.76612388,0.805458629,1.244977324,0.0709053,1,NaN,NaN,,,0.01066,0.002639015,1,0,875.5022365,7.090528461,13909.04346,1971.974134,1.585612074,0.176517579,1000,100,13770.60179,0.035643536
1.079,0.297924487,NaN,crossfeeding,4.76E-05,1.55E-10,1.17E-15,1.16E-15,11.68274614,0.818819999,1.25295149,0.072959858,1,NaN,NaN,,,0.01079,0.002979245,1,0,874.7048204,7.295984181,13715.70235,1989.401744,1.606185692,0.182660723,1000,100,13579.2158,0.036298255
1.088,0.319774921,NaN,crossfeeding,6.77E-05,3.45E-10,3.13E-15,3.13E-15,11.74125503,0.802869354,1.247329453,0.071738201,1,NaN,NaN,,,0.01088,0.003197749,1,0,875.2670245,7.173819634,13850.16688,1945.999138,1.591699301,0.17973701,1000,100,13712.30981,0.035868536
1.087087087,0.318629798,NaN,crossfeeding,9.62E-05,6.83E-10,9.19E-15,9.18E-15,11.74382168,0.754912747,1.246615409,0.067914628,1,NaN,NaN,,,0.010870871,0.003186298,1,0,875.3384285,6.79146227,13848.72408,1820.374571,1.589348204,0.170567901,1000,100,13710.80673,0.035298227
1.095,0.331624788,NaN,crossfeeding,0.000136645,1.57E-09,2.73E-14,2.73E-14,11.69324521,0.808588796,1.251865818,0.07224419,1,NaN,NaN,,,0.01095,0.003316248,1,0,874.8133884,7.224419199,13738.57991,1960.502152,1.603315796,0.181062034,1000,100,13601.84793,0.036147768
1.081,0.297386953,NaN,crossfeeding,0.000194149,2.72E-09,2.76E-14,2.76E-14,11.74929901,0.806084213,1.246571463,0.07122437,1,NaN,NaN,,,0.01081,0.00297387,1,0,875.3428227,7.122435623,13869.57989,1967.200776,1.589701578,0.177508628,1000,100,13731.53387,0.035761166
1.1,0.32249031,NaN,crossfeeding,0.000275853,7.16E-09,3.61E-08,3.61E-08,11.69665851,0.776997025,1.251256752,0.069963342,1,NaN,NaN,,,0.011,0.003224903,1,0,874.874294,6.99633389,13735.5726,1886.27131,1.601443521,0.175776216,1000,100,13598.76078,0.035800061
1.086,0.31081184,NaN,crossfeeding,0.000391941,1.19E-08,1.51E-13,1.51E-13,11.69787408,0.79244237,1.251209432,0.07011285,1,NaN,NaN,,,0.01086,0.003108118,1,0,874.8790257,7.011284162,13746.82227,1939.355915,1.60136016,0.175220743,1000,100,13609.98202,0.035835117
1.094,0.318062887,NaN,crossfeeding,0.000556881,2.66E-08,5.89E-13,5.89E-13,11.75313516,0.818818064,1.246263979,0.071313448,1,NaN,NaN,,,0.01094,0.003180629,1,0,875.3735717,7.131343951,13880.66488,2023.339542,1.588986356,0.176939067,1000,100,13742.5287,0.03581245
1.095,0.309798321,NaN,crossfeeding,0.000791234,5.63E-08,9.39E-07,9.39E-07,11.72389452,0.812367288,1.249054811,0.071886036,1,NaN,NaN,,,0.01095,0.003097983,1,0,875.0944876,7.188603498,13796.68219,2017.803549,1.596191546,0.17954491,1000,100,13659.23249,0.036053624
1.111111111,0.356080693,NaN,crossfeeding,0.00112421,1.22E-07,9.14E-13,9.13E-13,11.70814677,0.797069916,1.250458983,0.071017686,1,NaN,NaN,,,0.011111111,0.003560807,1,0,874.9540694,7.101768756,13771.60212,1939.082213,1.599719477,0.177875952,1000,100,13634.52142,0.036071807
1.094,0.318062887,NaN,crossfeeding,0.001597312,2.17E-07,2.67E-06,2.67E-06,11.75968602,0.810256106,1.245829675,0.071369251,1,NaN,NaN,,,0.01094,0.003180629,1,0,875.4170011,7.136925323,13883.38791,1999.835357,1.58818776,0.177848138,1000,100,13745.09769,0.03609618
1.114,0.361944747,NaN,crossfeeding,0.002269511,4.95E-07,1.10E-05,1.10E-05,11.71577289,0.830208425,1.250300876,0.07321469,1,NaN,NaN,,,0.01114,0.003619447,1,0,874.9698792,7.321467474,13761.79011,2088.283083,1.600211515,0.182573309,1000,100,13624.53077,0.036959234
1.117,0.35115666,NaN,crossfeeding,0.003224591,1.10E-06,2.52E-05,2.52E-05,11.72675338,0.829960294,1.249716171,0.073842318,1,NaN,NaN,,,0.01117,0.003511567,1,0,875.0283514,7.38423201,13780.27754,2092.41533,1.599447423,0.185153004,1000,100,13642.76079,0.037656914
1.155,0.418300131,NaN,crossfeeding,0.004581598,2.79E-06,0.000297075,0.000296731,11.74901097,0.802328828,1.248064042,0.071431291,1,NaN,NaN,,,0.01155,0.004183001,1,0,875.1935641,7.143127542,13674.31832,2283.214567,1.596397454,0.179099528,1000,100,13536.27906,0.038733602
1.197,0.464963439,NaN,crossfeeding,0.006509675,7.17E-06,0.000961761,0.000965022,11.7378823,0.801882906,1.2510539,0.070402914,1,NaN,NaN,,,0.01197,0.004649634,1,0,874.8945777,7.040289048,13526.39507,2472.410311,1.606460454,0.176695507,1000,100,13388.61719,0.041324593
1.266,0.511120338,NaN,crossfeeding,0.009249147,1.96E-05,0.004116791,0.004118268,11.73112047,0.791762226,1.254573974,0.069639765,1,NaN,NaN,,,0.01266,0.005111203,1,0,874.5425706,6.963974716,13172.35045,2850.631121,1.620877349,0.175597611,1000,100,13034.73126,0.046921493
1.419,0.690969609,NaN,crossfeeding,0.013141474,5.44E-05,0.012501012,0.01249403,11.69984036,0.836492333,1.263612741,0.072589566,1,NaN,NaN,,,0.01419,0.006909696,1,0,873.6386942,7.258954602,12627.85059,3436.564052,1.655962771,0.183669178,1000,100,12490.96432,0.059245612
1.865,0.96890402,NaN,crossfeeding,0.018671811,0.000185125,0.045488114,0.045529613,11.62374149,0.822564313,1.279970847,0.069501485,1,NaN,NaN,,,0.01865,0.00968904,1,0,872.0028844,6.950146557,11060.39723,4111.055099,1.719282932,0.177283714,1000,100,10925.28587,0.080957564
2.545,1.256174749,NaN,crossfeeding,0.026529485,0.000512661,0.107468646,0.107904589,11.52155488,0.824229715,1.303383686,0.064010113,1,NaN,NaN,,,0.02545,0.012561747,1,0,869.6616008,6.401010296,9286.907535,4246.514795,1.828388465,0.170923467,1000,100,9154.161308,0.129579432
4.049,1.609533783,NaN,crossfeeding,0.03769391,0.001145619,0.149994881,0.14948798,11.27096971,0.788630083,1.337772749,0.053772125,1,NaN,NaN,,,0.04049,0.016095338,1,0,866.2226933,5.377212384,6301.658121,3323.799137,1.979596572,0.178128043,1000,100,6174.623363,0.189960643
6.208,1.949034633,NaN,crossfeeding,0.053556669,0.002008741,0.108874165,0.109282767,10.93083343,0.627583545,1.363051453,0.043126192,1,NaN,NaN,,,0.06208,0.019490346,1,0,863.694821,4.312619539,3773.975214,1710.745141,2.082917127,0.165705874,1000,100,3654.492095,0.225007864
9.741,2.375693372,NaN,crossfeeding,0.076094967,0.00334385,0.047217357,0.046099957,10.44553274,0.499406064,1.38936762,0.03931928,1,NaN,NaN,,,0.09741,0.023756934,1,0,861.0632023,3.931926043,2191.95793,765.4405272,2.183051036,0.148173707,1000,100,2082.848775,0.252708651
13.655,2.85025876,NaN,crossfeeding,0.108118075,0.005587793,0.029825606,0.030258329,10.0552983,0.429639882,1.394316738,0.04162587,1,NaN,NaN,,,0.13655,0.028502588,1,0,860.5682887,4.1625851,1435.509754,438.2068011,2.229513114,0.149152462,1000,100,1334.40073,0.285393947
18.248,3.349103761,NaN,crossfeeding,0.153617495,0.009288255,0.02156851,0.021591025,9.683693409,0.379572981,1.386852277,0.046886994,1,NaN,NaN,,,0.18248,0.033491038,1,0,861.3147327,4.688697838,977.772852,269.5448032,2.248722863,0.163710496,1000,100,883.998934,0.325363624
22.828,3.660931029,NaN,crossfeeding,0.218264473,0.015669005,0.01784015,0.017901837,9.394581358,0.323188313,1.364113478,0.052130644,1,NaN,NaN,,,0.22828,0.03660931,1,0,863.5886078,5.213064114,727.3512868,172.8069296,2.238734753,0.193428888,1000,100,639.0931279,0.377929171
27.474,3.797541837,NaN,crossfeeding,0.310116893,0.026081135,0.018114195,0.018103413,9.175861514,0.278182351,1.336281963,0.064529602,1,NaN,NaN,,,0.27474,0.037975418,1,0,866.3717528,6.452956992,563.7207645,111.2600068,2.238241553,0.246173786,1000,100,479.52433,0.452592068
32.046,4.037063784,NaN,crossfeeding,0.440623643,0.043852388,0.021129602,0.021943215,9.065620239,0.271398836,1.298840506,0.084285213,1,NaN,NaN,,,0.32046,0.040370638,1,0,870.1158827,8.428519241,466.4723231,90.90180546,2.226573712,0.331931777,1000,100,384.2868528,0.539587052
35.365,4.232230499,NaN,crossfeeding,0.626051657,0.078354543,0.031227353,0.031325023,8.991265007,0.268824104,1.251023441,0.111732011,1,NaN,NaN,,,0.35365,0.042322305,1,0,874.8975737,11.173192,408.996985,75.05882528,2.218183533,0.463153605,1000,100,328.1541386,0.653123883
38.855,4.229181363,NaN,crossfeeding,0.889513497,0.135339823,0.051628802,0.051995349,8.967403363,0.269668353,1.20610165,0.147667885,1,NaN,NaN,,,0.38855,0.042291814,1,0,879.3897331,14.76677893,364.8025595,66.98080126,2.228312816,0.654505187,1000,100,284.3882365,0.773631626
41.59,4.251340965,NaN,crossfeeding,1.263848203,0.244175313,0.111269823,0.107867864,8.927268863,0.312663075,1.185755271,0.230422614,1,NaN,NaN,,,0.4159,0.04251341,1,0,881.4243679,23.04224572,328.8509898,60.42430805,2.404592898,1.233657073,1000,100,249.1548605,0.998577335
43.409,4.228441675,NaN,crossfeeding,1.795714494,0.455053567,0.25899277,0.264378473,8.903143854,0.444664118,1.177131721,0.377163975,1,NaN,NaN,,,0.43409,0.042284417,1,0,882.2867166,37.71637951,309.8084437,64.46174289,2.823215456,3.245884318,1000,100,230.5424732,1.437576368
44.93,4.10963502,NaN,crossfeeding,2.55140652,0.856836989,0.603752983,0.59287801,8.814504887,0.881243882,1.237681932,0.842709237,1,NaN,NaN,,,0.4493,0.04109635,1,0,876.2316842,84.27090161,292.1351254,69.61153946,4.843052819,14.4123658,1000,100,214.439629,3.311196255
46.43,4.25806294,NaN,crossfeeding,3.62511705,1.610367692,1.263758914,1.280595019,8.450508146,1.775745022,1.597055092,1.751658543,1,NaN,NaN,,,0.4643,0.042580629,1,0,840.2943526,175.165811,267.1873752,93.68525654,13.41984673,36.76119844,1000,100,195.7762872,10.86926176
47.515,4.034572468,NaN,crossfeeding,5.150678076,3.058505134,2.543538853,2.481274789,8.040768498,2.404165977,1.987657884,2.384665219,1,NaN,NaN,,,0.47515,0.040345725,1,0,801.2445587,238.4353741,245.8906276,106.7999699,23.05253996,52.56243151,1000,100,181.2366695,19.1017561
47.711,3.836336664,NaN,crossfeeding,7.318242219,6.147280623,5.353930368,5.329824273,7.31098823,3.304053082,2.722623801,3.281314265,1,NaN,NaN,,,0.47711,0.038363367,1,0,727.7423303,328.1219101,220.1023488,127.514359,44.60645314,78.25142214,1000,100,166.6517999,37.19377278
48.065,3.903431183,NaN,crossfeeding,10.39798418,12.05802814,8.153811933,8.18519413,6.851155804,3.775271613,3.158456714,3.764972254,1,NaN,NaN,,,0.48065,0.039034312,1,0,684.1689983,376.4726978,209.8118455,138.8412949,57.81212781,89.77524492,1000,100,162.8735096,47.836279
48.279,3.894760455,NaN,crossfeeding,14.77377653,24.0316476,13.71096006,13.53342382,6.168635973,4.174529957,3.845286596,4.162736007,1,NaN,NaN,,,0.48279,0.038947605,1,0,615.5191812,416.2085725,187.644327,148.6304773,77.69695567,101.2579073,1000,100,149.5922572,62.91072666
48.523,3.835553545,NaN,crossfeeding,20.9910372,48.2424903,25.73036,25.15768878,5.942080647,4.38395055,4.067067984,4.375822978,1,NaN,NaN,,,0.48523,0.038355535,1,0,593.3442731,437.5164571,184.5259298,153.8066567,85.51057243,106.6123455,1000,100,149.2176074,68.96953045
48.81563126,4.01501143,NaN,crossfeeding,29.82471286,96.2537728,45.33668565,44.75487718,5.510760351,4.56837685,4.502522528,4.555494151,1,NaN,NaN,,,0.488156313,0.040150114,1,0,549.8022336,455.4863778,173.1655128,158.9446925,98.481842,111.223981,1000,100,142.7970331,78.20913288
48.955,4.28427065,NaN,crossfeeding,42.37587161,191.5402221,73.25203014,72.89818847,5.506882918,4.691703275,4.513247028,4.673618992,1,NaN,NaN,,,0.48955,0.042842706,1,0,548.7509199,467.2753395,177.2393545,162.6107363,98.95124595,112.6498231,1000,100,146.913595,78.58184721
49.113,4.410241603,NaN,crossfeeding,60.20894493,386.3785804,111.8686252,107.3793371,5.297398836,4.774211664,4.711574725,4.765133617,1,NaN,NaN,,,0.49113,0.044102416,1,0,528.9090803,476.4414538,170.4233955,163.2848677,107.1453978,117.0287051,1000,100,142.3609611,84.9464614
49.65665666,4.72541668,NaN,crossfeeding,85.54672536,762.6002083,151.3911474,148.1608456,5.167730546,4.817811791,4.837176287,4.813274881,1,NaN,NaN,,,0.496566567,0.047254167,1,0,516.3540922,481.2513615,167.7246263,165.006574,111.3762573,118.5596005,1000,100,141.0191873,87.97798288
50.03103103,5.337276886,NaN,crossfeeding,121.547425,1511.160095,294.3775252,291.82393,5.03529391,4.878532057,4.970592884,4.872390817,1,NaN,NaN,,,0.50031031,0.053372769,1,0,503.0491837,487.1276654,164.322053,165.8108944,114.6431505,118.8427956,1000,100,138.9678683,89.93635685
50.91,6.087027189,NaN,crossfeeding,172.6983291,2974.414964,594.8212603,591.0977431,5.097056895,4.894134498,4.914311499,4.8834305,1,NaN,NaN,,,0.5091,0.060870272,1,0,508.697371,488.2081781,165.3145883,164.9876862,115.2863016,121.3054322,1000,100,139.3345993,91.13584413
51.517,7.463625861,NaN,crossfeeding,245.3751107,5884.697242,663.9970347,680.8052399,4.957841784,4.943147236,5.056053711,4.929209599,1,NaN,NaN,,,0.51517,0.074636259,1,0,494.4976577,492.815829,162.2699435,166.378425,119.3152523,122.3207243,1000,100,137.6897484,93.75157319
51.86072144,8.30394794,NaN,crossfeeding,348.6365228,11683.44236,1403.879387,1440.708109,4.579904426,4.928528526,5.422803317,4.925709398,1,NaN,NaN,,,0.518607214,0.083039479,1,0,457.8060478,492.4872562,151.6707366,168.1779292,126.2764991,119.8377491,1000,100,130.695212,96.86970329
50.948,7.076672664,NaN,crossfeeding,495.3535209,24532.98561,2436.773217,2340.662987,4.992298502,4.972312507,5.020862441,4.959541889,1,NaN,NaN,,,0.50948,0.070766727,1,0,498.0196314,495.8406143,167.3652108,170.7270313,117.8332727,120.8915763,1000,100,142.4421665,92.6242131
48.88176353,6.164092811,NaN,crossfeeding,703.8135555,54056.25757,23818.09723,23304.7059,4.797543316,4.976513579,5.209496326,4.969791151,1,NaN,NaN,,,0.488817635,0.061640928,1,0,479.1719823,496.8552356,159.1473384,168.6365427,123.0855925,121.7781465,1000,100,136.1309165,95.94674053
50.53106212,11.22204999,NaN,crossfeeding,1000,105065.3634,78048.61154,78442.88393,4.741649697,4.98262929,5.268904389,4.971828432,1,NaN,NaN,,,0.505310621,0.1122205,1,0,473.2025028,497.0886898,158.7909076,170.7589528,125.2948217,123.2666498,1000,100,136.3076657,97.53346819
1.089272318,0.311137666,NaN,crossfeeding,1.00E-06,7.93E-14,3.28E-18,4.44E-18,11.73294353,0.806922711,1.248092378,0.071311589,1,NaN,NaN,,,0.010892723,0.003111377,1,0,875.1907315,7.131157661,13831.3088,1970.885737,1.59357506,0.177871693,4000,100,13693.64684,0.035840475
1.097798899,0.325949811,NaN,crossfeeding,1.42E-06,1.74E-13,3.26E-18,1.31E-19,11.71645226,0.8093945,1.249675526,0.071845485,1,NaN,NaN,,,0.010977989,0.003259498,1,0,875.0324168,7.184547953,13793.03728,1972.222685,1.597677315,0.179587051,4000,100,13655.76203,0.035988394
1.091,0.312600384,NaN,crossfeeding,2.02E-06,3.39E-13,1.09E-17,5.92E-18,11.70402934,0.801154384,1.250764433,0.071368297,1,NaN,NaN,,,0.01091,0.003126004,1,0,874.9235263,7.136829205,13762.61509,1947.523957,1.600379393,0.178686167,4000,100,13625.63078,0.035967726
1.089,0.31077162,NaN,crossfeeding,2.87E-06,6.66E-13,1.15E-17,8.86E-18,11.7260053,0.803971634,1.248682339,0.07072322,1,NaN,NaN,,,0.01089,0.003107716,1,0,875.1317357,7.072321118,13814.55707,1977.306432,1.594989783,0.176314041,4000,100,13677.05787,0.0357822
1.0945,0.326450226,NaN,crossfeeding,4.08E-06,1.38E-12,1.44E-17,1.65E-17,11.73318997,0.803945825,1.248064123,0.071473593,1,NaN,NaN,,,0.010945,0.003264502,1,0,875.1935569,7.14735848,13831.40757,1955.770494,1.5935266,0.178738261,4000,100,13693.73983,0.035862544
1.095,0.323225927,NaN,crossfeeding,5.79E-06,2.81E-12,3.56E-17,3.63E-17,11.72142421,0.818057636,1.249247287,0.071782584,1,NaN,NaN,,,0.01095,0.003232259,1,0,875.0752407,7.178257702,13806.10037,2015.519023,1.596579057,0.178790662,4000,100,13668.70858,0.035960273
1.09,0.308868904,NaN,crossfeeding,8.23E-06,5.52E-12,1.40E-16,1.39E-16,11.74250484,0.809221367,1.247235433,0.07164413,1,NaN,NaN,,,0.0109,0.003088689,1,0,875.276426,7.164412317,13854.12589,1973.065886,1.591446618,0.178772397,4000,100,13716.23947,0.035850393
1.09075,0.318613304,NaN,crossfeeding,1.17E-05,1.11E-11,1.38E-16,1.29E-16,11.73801761,0.812955939,1.247674572,0.071705981,1,NaN,NaN,,,0.0109075,0.003186133,1,0,875.2325119,7.170596906,13844.19546,1989.936245,1.592570893,0.178763143,4000,100,13706.4144,0.035879055
1.095,0.330113617,NaN,crossfeeding,1.66E-05,2.29E-11,2.18E-16,2.19E-16,11.72148858,0.809161935,1.249166169,0.071311753,1,NaN,NaN,,,0.01095,0.003301136,1,0,875.0833525,7.131174573,13804.80375,1988.284161,1.596304661,0.17795396,4000,100,13667.41045,0.035888543
1.0895,0.307391851,NaN,crossfeeding,2.36E-05,4.57E-11,7.42E-16,7.41E-16,11.7387124,0.8177237,1.247650948,0.072021367,1,NaN,NaN,,,0.010895,0.003073919,1,0,875.2348742,7.202135552,13846.60406,2008.568446,1.592556826,0.179600532,4000,100,13708.8067,0.035923938
1.085313985,0.303390865,NaN,crossfeeding,3.35E-05,8.66E-11,1.78E-15,1.78E-15,11.71838581,0.794132752,1.249323504,0.070334506,1,NaN,NaN,,,0.01085314,0.003033909,1,0,875.0676186,7.033449556,13795.12126,1938.447378,1.596564769,0.175673503,4000,100,13657.80069,0.035755552
1.08252063,0.293621528,NaN,crossfeeding,4.76E-05,1.73E-10,2.13E-15,2.13E-15,11.73597191,0.818255761,1.247923212,0.072202865,1,NaN,NaN,,,0.010825206,0.002936215,1,0,875.207648,7.220286057,13840.25791,2003.076079,1.593275198,0.180064575,4000,100,13702.52487,0.035962856
1.086064548,0.301108699,NaN,crossfeeding,6.77E-05,3.67E-10,8.65E-15,8.65E-15,11.72087253,0.819517673,1.24935015,0.07241492,1,NaN,NaN,,,0.010860645,0.003011087,1,0,875.0649543,7.241490983,13805.04618,2004.7192,1.596933407,0.180758853,4000,100,13667.66732,0.036057611
1.0975,0.321704445,NaN,crossfeeding,9.62E-05,8.29E-10,3.90E-14,3.89E-14,11.72388075,0.792678263,1.248829774,0.070734414,1,NaN,NaN,,,0.010975,0.003217044,1,0,875.1169916,7.073440304,13807.77181,1922.241523,1.595367166,0.177056955,4000,100,13670.32243,0.03579136
1.098049025,0.3239501,NaN,crossfeeding,0.000136645,1.65E-09,3.36E-14,3.36E-14,11.72221124,0.816246502,1.249185159,0.072089841,1,NaN,NaN,,,0.01098049,0.003239501,1,0,875.0814531,7.208983675,13807.64946,1996.350242,1.596466866,0.179851537,4000,100,13670.23922,0.036003305
1.09125,0.312127278,NaN,crossfeeding,0.000194149,3.13E-09,2.77E-14,2.77E-14,11.70596481,0.767481771,1.250260151,0.068781967,1,NaN,NaN,,,0.0109125,0.003121273,1,0,874.9739545,6.878196329,13761.86403,1854.955605,1.598732605,0.172459663,4000,100,13624.83442,0.035582159
1.094,0.317275905,NaN,crossfeeding,0.000275853,6.54E-09,1.52E-08,1.52E-08,11.70532608,0.787499912,1.250519143,0.070219485,1,NaN,NaN,,,0.01094,0.003172759,1,0,874.948055,7.021947886,13760.92506,1916.159769,1.599600534,0.175769538,4000,100,13623.9104,0.035802406
1.08875,0.305570675,NaN,crossfeeding,0.000391941,1.24E-08,3.22E-13,3.22E-13,11.73373361,0.796182905,1.247962385,0.071092598,1,NaN,NaN,,,0.0108875,0.003055707,1,0,875.2037302,7.109259359,13831.44115,1929.385372,1.593232574,0.177999062,4000,100,13693.76064,0.035822459
1.09375,0.312187344,NaN,crossfeeding,0.000556881,2.68E-08,8.16E-08,8.16E-08,11.73559469,0.819803475,1.248000923,0.072226033,1,NaN,NaN,,,0.0109375,0.003121873,1,0,875.1998767,7.222603217,13834.79244,2018.915309,1.593510511,0.180029091,4000,100,13697.06826,0.036004208
1.092273068,0.30864482,NaN,crossfeeding,0.000791234,5.29E-08,1.99E-07,1.99E-07,11.72483289,0.804619217,1.248878084,0.071545958,1,NaN,NaN,,,0.010922731,0.003086448,1,0,875.1121606,7.154595079,13808.14909,1964.876908,1.595678228,0.178995747,4000,100,13670.67739,0.03598176
1.095023756,0.317801814,NaN,crossfeeding,0.00112421,1.09E-07,5.02E-07,5.02E-07,11.73011602,0.824602641,1.248662241,0.073014211,1,NaN,NaN,,,0.010950238,0.003178018,1,0,875.1337444,7.301421094,13822.26411,2021.38826,1.595435606,0.182312822,4000,100,13684.66849,0.036278215
1.1,0.327871926,NaN,crossfeeding,0.001597312,2.30E-07,4.06E-06,4.06E-06,11.71951298,0.80804891,1.249565041,0.071077178,1,NaN,NaN,,,0.011,0.003278719,1,0,875.0434643,7.107717581,13781.66201,2017.746371,1.597606294,0.177145457,4000,100,13644.31502,0.036193504
1.117,0.350444004,NaN,crossfeeding,0.002269511,5.40E-07,1.61E-05,1.61E-05,11.71997222,0.795095185,1.249571202,0.070989289,1,NaN,NaN,,,0.01117,0.00350444,1,0,875.0428479,7.098928901,13757.9502,2007.152174,1.597981192,0.177931503,4000,100,13620.59246,0.036553002
1.11725,0.363321397,NaN,crossfeeding,0.003224591,1.07E-06,5.99E-05,5.99E-05,11.73776226,0.824815063,1.248565256,0.072711125,1,NaN,NaN,,,0.0111725,0.003633214,1,0,875.1434421,7.271111964,13770.48477,2155.379116,1.596319169,0.1815109,4000,100,13632.70971,0.03740397
1.1335,0.381677547,NaN,crossfeeding,0.004581598,2.48E-06,0.000245068,0.00024523,11.71743687,0.813099936,1.251126688,0.071920954,1,NaN,NaN,,,0.011335,0.003816775,1,0,874.8872989,7.192094442,13638.2842,2256.602384,1.604199066,0.180102381,4000,100,13500.98587,0.038881077
1.172543136,0.433916328,NaN,crossfeeding,0.006509675,6.38E-06,0.000895148,0.000895687,11.72637434,0.822140785,1.252103864,0.072668464,1,NaN,NaN,,,0.011725431,0.004339163,1,0,874.7895812,7.266845107,13536.75376,2446.413601,1.609622224,0.182593537,4000,100,13399.24591,0.041858137
1.276819205,0.561443755,NaN,crossfeeding,0.009249147,1.92E-05,0.003975552,0.003975835,11.71380308,0.839611985,1.256623396,0.073954148,1,NaN,NaN,,,0.012768192,0.005614438,1,0,874.3376283,7.395412303,13133.54162,3002.825993,1.627076942,0.186553411,4000,100,12996.32844,0.047974583
1.454,0.695617711,NaN,crossfeeding,0.013141474,6.04E-05,0.014579078,0.014595598,11.67968377,0.839062091,1.265111601,0.073044899,1,NaN,NaN,,,0.01454,0.006956177,1,0,873.4888082,7.304488066,12472.89245,3481.477551,1.65973029,0.184888656,4000,100,12336.47743,0.059222928
1.8015,0.934931949,NaN,crossfeeding,0.018671811,0.000180188,0.042230853,0.04225779,11.63307959,0.807209766,1.280161503,0.068635649,1,NaN,NaN,,,0.018015,0.009349319,1,0,871.9838181,6.86356335,11361.26119,3977.901321,1.721915261,0.175472974,4000,100,11225.93265,0.083101787
2.5455,1.183608782,NaN,crossfeeding,0.026529485,0.000521226,0.112798649,0.112921145,11.51390385,0.838512866,1.305240453,0.064084719,1,NaN,NaN,,,0.025455,0.011836088,1,0,869.4759238,6.408470882,9134.893014,4253.450859,1.829726797,0.170110242,4000,100,9002.323032,0.126074158
3.975743936,1.548632092,NaN,crossfeeding,0.03769391,0.001137927,0.15138944,0.150961943,11.26512173,0.772664553,1.337093006,0.054062662,1,NaN,NaN,,,0.039757439,0.015486321,1,0,866.2906676,5.406266288,6252.104561,3270.864215,1.974892326,0.197367384,4000,100,6125.201593,0.187074618
6.2535,1.906629946,NaN,crossfeeding,0.053556669,0.002007462,0.098651157,0.098959172,10.88821598,0.63033157,1.36585583,0.044486943,1,NaN,NaN,,,0.062535,0.019066299,1,0,863.4143834,4.448693198,3729.318863,1662.293388,2.089557189,0.169431926,4000,100,3610.765616,0.223995041
9.575,2.397785437,NaN,crossfeeding,0.076094967,0.003379366,0.050139679,0.050250541,10.46530678,0.520926184,1.386725299,0.041021454,1,NaN,NaN,,,0.09575,0.023977854,1,0,861.3274345,4.10214492,2248.352056,832.4517533,2.177362649,0.15490241,4000,100,2138.82941,0.254355595
13.594,2.819071478,NaN,crossfeeding,0.108118075,0.005610968,0.032166003,0.032098589,10.04376982,0.426555657,1.392939241,0.040896641,1,NaN,NaN,,,0.13594,0.028190715,1,0,860.7060384,4.089663179,1426.731222,434.6140572,2.222853684,0.148689908,4000,100,1325.85391,0.282573955
18.203,3.185952134,NaN,crossfeeding,0.153617495,0.009320267,0.022680505,0.022397441,9.67595839,0.364235361,1.386453434,0.044562762,1,NaN,NaN,,,0.18203,0.031859521,1,0,861.3546163,4.456274967,975.4909293,249.3308756,2.247294189,0.163336843,4000,100,881.8667586,0.325041064
22.8405,3.602576821,NaN,crossfeeding,0.218264473,0.015582917,0.019463072,0.019382217,9.394879823,0.309186677,1.363775781,0.051916228,1,NaN,NaN,,,0.228405,0.036025768,1,0,863.6223777,5.191622364,723.7165916,164.8059846,2.241196417,0.193655579,4000,100,635.4528247,0.381312035
27.5645,3.811605928,NaN,crossfeeding,0.310116893,0.026045024,0.018867658,0.019168898,9.186159617,0.275620142,1.335011424,0.065459152,1,NaN,NaN,,,0.275645,0.038116059,1,0,866.4988056,6.545912878,563.0205253,115.1676618,2.232223613,0.246475884,4000,100,478.6349967,0.449968112
31.817,3.942525967,NaN,crossfeeding,0.440623643,0.044344949,0.023116289,0.022921503,9.059858001,0.261340381,1.296197003,0.083036563,1,NaN,NaN,,,0.31817,0.03942526,1,0,870.3802349,8.303650845,468.0507122,88.67010458,2.222522235,0.329864416,4000,100,385.9696852,0.542395564
35.77625,4.137473376,NaN,crossfeeding,0.626051657,0.076090282,0.028800921,0.028672266,8.99046908,0.258233031,1.254268696,0.11098377,1,NaN,NaN,,,0.3577625,0.041374734,1,0,874.5730484,11.09836899,404.1673361,75.63051167,2.226350473,0.462777259,4000,100,323.3388018,0.65316051
38.8505,4.188394651,NaN,crossfeeding,0.889513497,0.136084031,0.050425564,0.051174354,8.957746425,0.268437567,1.209722475,0.149381143,1,NaN,NaN,,,0.388505,0.041883947,1,0,879.0276548,14.93810515,362.9935948,64.80392913,2.24899582,0.685497792,4000,100,282.7523738,0.785567353
41.43775,4.172424348,NaN,crossfeeding,1.263848203,0.245140327,0.10877001,0.108548787,8.94675531,0.324556239,1.175429427,0.228147897,1,NaN,NaN,,,0.4143775,0.041724243,1,0,882.4569477,22.81477607,333.5624454,61.70028616,2.375630865,1.294735379,4000,100,253.5180148,0.993996527
43.41275,4.165199568,NaN,crossfeeding,1.795714494,0.455285174,0.266607003,0.260669913,8.909167771,0.442567312,1.171267429,0.378826366,1,NaN,NaN,,,0.4341275,0.041651996,1,0,882.8731434,37.88261701,310.170365,61.78060912,2.810748655,3.227726266,4000,100,230.7970946,1.438881264
45.138,4.059797532,NaN,crossfeeding,2.55140652,0.844780536,0.625427711,0.622499069,8.81617316,0.800841482,1.238118688,0.764454742,1,NaN,NaN,,,0.45138,0.040597975,1,0,876.1880079,76.44544811,290.6980009,67.95542086,4.58335014,12.73750921,4000,100,212.9730917,3.050412254
46.387,4.0385927,NaN,crossfeeding,3.62511705,1.604782843,1.222373048,1.224989781,8.490699553,1.68061624,1.550768713,1.655432297,1,NaN,NaN,,,0.46387,0.040385927,1,0,844.9244787,165.5368647,268.9545868,89.34537695,12.28955595,34.94854965,4000,100,196.8626079,9.884672351
47.22375,3.95906377,NaN,crossfeeding,5.150678076,3.111101384,2.701502568,2.643458708,8.007642388,2.516005063,2.023692926,2.494903127,1,NaN,NaN,,,0.4722375,0.039590638,1,0,797.6344033,249.4791391,246.7670019,109.5743917,25.07186009,56.61014552,4000,100,182.6446653,20.97652703
47.72875,3.924496584,NaN,crossfeeding,7.318242219,6.106752016,4.785840732,4.733587134,7.328347512,3.323096359,2.697223105,3.304234438,1,NaN,NaN,,,0.4772875,0.039244966,1,0,730.2881232,330.4025246,223.8477041,128.5677434,43.71307221,77.36748932,4000,100,170.1430269,36.43805973
48.088,3.954523486,NaN,crossfeeding,10.39798418,12.09964846,8.493890312,8.332012761,6.8863738,3.787287163,3.133082147,3.77064161,1,NaN,NaN,,,0.48088,0.039545235,1,0,686.7108356,377.0315841,212.2893263,140.3528346,57.62779742,89.67884246,4000,100,164.8671822,47.81159368
48.259,3.896141553,NaN,crossfeeding,14.77377653,24.22233181,15.83716141,15.47438884,6.319926445,4.12422747,3.695421919,4.110425706,1,NaN,NaN,,,0.48259,0.038961416,1,0,630.488225,410.9993633,193.1666953,147.5296571,73.71901453,99.65890407,4000,100,153.225225,60.06287137
48.39725,4.025970993,NaN,crossfeeding,20.9910372,48.2887911,25.48961208,24.85375878,5.975144786,4.399073542,4.039588942,4.385193254,1,NaN,NaN,,,0.4839725,0.04025971,1,0,596.084662,438.4633638,186.4092371,154.5790498,84.92604676,106.2384883,4000,100,150.7068819,68.60776794
48.68242061,4.020225005,NaN,crossfeeding,29.82471286,96.08895245,40.79838297,39.2822413,5.653023673,4.57166304,4.359428461,4.559235458,1,NaN,NaN,,,0.486824206,0.04020225,1,0,564.1048347,455.8662887,178.3576881,158.7666926,94.35780693,110.2131881,4000,100,146.4010114,75.35319042
48.87246812,4.141379896,NaN,crossfeeding,42.37587161,192.5304495,72.30992589,69.99559111,5.530297951,4.686903219,4.482369456,4.674822224,1,NaN,NaN,,,0.488724681,0.041413799,1,0,551.8283747,467.4070432,177.2057161,161.8320345,99.59074005,113.9404613,4000,100,146.6215207,79.49910411
49.20210105,4.431139028,NaN,crossfeeding,60.20894493,383.4011723,112.1419776,106.342347,5.461404659,4.753431491,4.549293507,4.74293911,1,NaN,NaN,,,0.492021011,0.04431139,1,0,545.1491254,474.2058793,176.971825,164.2519711,102.3333945,115.3734672,4000,100,147.1448841,81.63732311
49.74168542,4.759538167,NaN,crossfeeding,85.54672536,759.2957701,200.3503109,194.8231895,5.285463786,4.826643628,4.730013694,4.812056839,1,NaN,NaN,,,0.497416854,0.047595382,1,0,527.0852829,481.1116752,171.2669715,164.612819,108.6528958,118.2138277,4000,100,143.330844,86.27986621
50.3380035,5.519686542,NaN,crossfeeding,121.547425,1486.329258,282.2781394,287.6016307,5.331480925,4.858770334,4.678651986,4.848995899,1,NaN,NaN,,,0.503380035,0.055196865,1,0,532.2159588,484.8102033,174.6206895,166.4485621,107.913088,118.2556203,4000,100,146.1960006,86.02330361
50.89994997,6.335381877,NaN,crossfeeding,172.6983291,2952.969827,426.4045191,427.3912154,5.177218096,4.906070109,4.830970682,4.8979827,1,NaN,NaN,,,0.5089995,0.063353819,1,0,516.9974974,489.6976991,170.7408969,167.8273134,112.0324112,119.6208408,4000,100,143.9373097,88.69413348
51.86086086,7.345482678,NaN,crossfeeding,245.3751107,5725.273408,796.78452,807.2179984,5.157240515,4.932585201,4.852423736,4.92324338,1,NaN,NaN,,,0.518608609,0.073454827,1,0,514.8585958,492.2164688,169.6989974,167.5557078,114.5607054,121.5358266,4000,100,143.1018677,91.01468926
52.32141071,8.377057022,NaN,crossfeeding,348.6365228,11526.19585,1270.869776,1248.912321,4.991486571,4.954122927,5.021866726,4.940675046,1,NaN,NaN,,,0.523214107,0.08377057,1,0,497.9033544,493.9724967,165.6449562,169.1654906,117.2268818,120.4954866,4000,100,140.730018,92.0077364
51.02550638,6.807564566,NaN,crossfeeding,495.3535209,24263.97549,2983.266751,2946.305383,5.128501133,4.96781788,4.882101561,4.957860997,1,NaN,NaN,,,0.510255064,0.068075646,1,0,511.8943257,495.6716994,170.7112413,169.4365127,115.1553915,121.7540567,4000,100,144.4097175,91.32047584
48.69036295,6.187879852,NaN,crossfeeding,703.8135555,54365.52416,26455.50421,26265.62876,4.875841623,4.979684742,5.134728217,4.969528462,1,NaN,NaN,,,0.48690363,0.061878799,1,0,486.6446028,496.8311262,162.5826678,169.8535176,120.8268381,121.6229766,4000,100,138.8088362,94.46140426
50.58201058,10.94719863,NaN,crossfeeding,1000,105162.3294,84390.34528,82718.16907,4.949480361,4.987746167,5.059482,4.978853515,1,NaN,NaN,,,0.505820106,0.109471986,1,0,494.1454303,497.7865835,164.9342037,169.5989274,119.0957498,121.5102085,4000,100,140.4368479,93.49739167