Survive,Survive_bar,chi,dynamics,epsilon,lam_min,lam_min_cor,lam_min_ran,mean_N,mean_N_bar,mean_R,mean_R_bar,mu,nu,nu_threshold,opti_f,opti_f_bar,phi_N,phi_N_bar,phi_R,phi_R_bar,power,power_bar,q_N,q_N_bar,q_R,q_R_bar,size,var_N,var_R
71.848,2.6908448487417482,0.12191493385122695,quadratic,1e-06,0.0032318968269380503,0.0018734922986022896,0.0029432211226521313,3.909210174555863,0.04482999430171175,0.3846119470981471,0.004634293637445875,0,-1190741269.9105844,-87.23446014530052,93.28522221907089,1.9285265765043973,0.71848,0.026908448487417483,0.840395,0.029827319272774072,374.8778966180859,5.926320245985665,26.882335141288614,1.1406778638105053,0.22612414011441606,0.009490536304625697,100,11.600410952437533,0.07819779026378815
71.848,2.6908448487417482,0.12191248735138047,quadratic,1.261856883066021e-06,0.00323183276697777,0.0018734898284431987,0.0029432212173146717,3.90921016418064,0.04482998512625274,0.3846119471010238,0.00463429369736977,0,-760422299.1056013,-87.23480632270346,93.28522221868202,1.928526575851961,0.71848,0.026908448487417483,0.8403924999999999,0.02983070471427049,374.87789667730345,5.926320336200199,26.88233425766208,1.1406773154615777,0.22612413931089398,0.00949053669877069,100,11.600410149928855,0.07819778945805325
71.8475,2.6908630121208326,0.12191750572954221,quadratic,1.592282793341094e-06,0.0032325179703749695,0.0018751326973528127,0.0029451124591690827,3.9092101503833483,0.04482997290608367,0.3846119471356129,0.0046342937490843365,0,-491122678.362806,-87.23246965604805,93.28522221820022,1.9285265750187184,0.7184749999999999,0.02690863012120833,0.8403924999999999,0.02983070471427049,374.8778967764513,5.926320411424913,26.88233294963296,1.140676559841407,0.2261241378013374,0.009490536752383082,100,11.600408949772762,0.0781977879218899
71.847875,2.6930898582065543,0.12199374130666762,quadratic,2.0092330025650458e-06,0.003239150050691951,0.001871219747664663,0.0029406046313085873,3.9091881814719103,0.04490810252564991,0.3846055170248944,0.00461793698368725,0,-319521103.0787965,-86.82828134258372,93.28671500252653,1.9304085430403661,0.7184787499999999,0.02693089858206555,0.8404725,0.029852583535600396,374.8679257260369,5.914364666075838,26.880557170960465,1.143957294388048,0.22609703036775142,0.009466883284198731,100,11.598804932800803,0.07817562664176504
71.848375,2.701598574802518,0.12197499701200304,quadratic,2.5353644939701112e-06,0.0032331801131947517,0.0018620023822228287,0.0029268350621034296,3.909175089957276,0.04503240844155054,0.38461199918092237,0.004627095167623484,0,-187797305.82769537,-85.42114757558019,93.28492697058572,1.935810594583024,0.71848375,0.027015985748025193,0.84045875,0.029795587734386102,374.86535874527294,5.942313935703885,26.881698705434246,1.1463737265881278,0.22610398138199056,0.00947594924024511,100,11.60004882149177,0.07817759146804473
71.879875,2.729733500614117,0.12164749732802375,quadratic,3.1992671377973847e-06,0.0032236446915680835,0.0018010877450181186,0.0028937662188206455,3.9089997570721597,0.04519237682024522,0.38459063512195457,0.004699327981895348,0,-74405485.93432559,-86.98101901673414,93.27772586334278,1.937181016207175,0.7187987499999999,0.02729733500614117,0.84044625,0.02992596466176988,374.84583043549,6.065129154359452,26.892034464604436,1.159915412777546,0.226195069613149,0.009484926122728157,100,11.611755363814234,0.0782851129896406
71.887125,2.731873758864966,0.1215275024929332,quadratic,4.037017258596558e-06,0.003223487788460502,0.0018067858821826147,0.0029002816528005673,3.9091211758910744,0.045261624522404606,0.3845928786774311,0.004708051636169555,0,-55757977.07310433,-90.8582077331451,93.27957955601806,1.938546685337931,0.71887125,0.02731873758864967,0.8403987500000001,0.030009223556058555,374.8498498744513,6.063333227783052,26.89412727623536,1.1625368527571285,0.22621420079169768,0.009492618079682042,100,11.61289890843534,0.07830251846230447
71.885375,2.7274963078572627,0.12159500231367051,quadratic,5.0941380148163755e-06,0.003222294394106714,0.0018037402297900096,0.0028987049002534375,3.909051459344697,0.04523673511439741,0.38459711343226793,0.004708296095463529,0,-33369464.980521705,-89.48534345888002,93.27638820342155,1.9391529452486704,0.71885375,0.027274963078572634,0.84044875,0.02996516516619756,374.84699757642426,6.064226933080597,26.893440922212555,1.1608032952187368,0.22622114784982023,0.00949174640011492,100,11.612757610407646,0.07830620818938747
71.893125,2.7168368987436473,0.1215025002640093,quadratic,6.4280731172843194e-06,0.003222209485277042,0.0018122720642190862,0.002902727285182409,3.908992579264627,0.04536578548285238,0.3846060111136392,0.004704641416258921,0,-20144254.472989753,-88.49240403905155,93.27200669506264,1.9442140983366825,0.71893125,0.027168368987436478,0.84043375,0.029765741397410207,374.8451745977244,6.069891328244553,26.88887304538116,1.1587680918510002,0.2262573455109091,0.009479906843027283,100,11.60865006063524,0.07833556172616436
71.899625,2.723839176488766,0.12135999970386466,quadratic,8.111308307896873e-06,0.0032200758273725955,0.0018170075909208392,0.002890289498806556,3.909109704530782,0.045438756230892094,0.3845931150862035,0.004684636467971929,0,-13637614.328655137,-92.48918297882287,93.28036079814011,1.949179713920563,0.71899625,0.027238391764887668,0.84035625,0.029808733383649495,374.82962206066213,6.047816172803301,26.887145110411225,1.1575798997843618,0.2262276837711612,0.009477820363696314,100,11.606006428354487,0.07831581959945146
71.923375,2.712425779514529,0.12136124990202463,quadratic,1.023531021899027e-05,0.0031887019243913893,0.0017736733904299099,0.0028582934684913256,3.909260016004098,0.045385432298783945,0.3846464593606454,0.004666503372280449,0,-6289048.462710455,-92.8755832089707,93.28856218152508,1.9572659662419298,0.71923375,0.027124257795145296,0.840595,0.029841598063776675,374.87461881741405,6.0080330662481,26.885031520299435,1.1492533017279714,0.22618398544774931,0.009445454518445296,100,11.602717647571078,0.07823108674906867
71.93375,2.7252267680873823,0.1210112495228466,quadratic,1.2915496650148827e-05,0.003196976449516349,0.0017742610299465418,0.0028859878103235804,3.9094318057771074,0.04446510795594933,0.38468591289907716,0.004690909675980848,0,-9915143.64471474,-98.14877399290933,93.27946074161497,1.9095355913352297,0.7193375,0.02725226768087383,0.84034875,0.02959376409714553,374.9263745408604,5.938148447052255,26.883779011265094,1.1376790120930873,0.2262428438035667,0.009505005124222893,100,11.60012196724344,0.07825959222057033
71.883625,2.7158482762067178,0.12201625004315284,quadratic,1.6297508346206434e-05,0.00325064846366461,0.0018866799834693175,0.0030046789115308957,3.909097736316115,0.04494645419271586,0.38467847368824215,0.004700741469463835,0,-3256366.480086853,-92.07209716282888,93.28201205238227,1.9274056032997664,0.71883625,0.02715848276206718,0.8408525,0.02983577121091392,374.9321660804006,5.972078850993824,26.885232482110077,1.1573800740255258,0.22618819527254025,0.009514830279415685,100,11.604187370038302,0.07821066715342465
71.899625,2.6945871408019078,0.12218129460035128,quadratic,2.0565123083486515e-05,0.0032251902970077627,0.0018946875903093417,0.0029195147197601237,3.908376920819809,0.045378876252394645,0.38466156160977344,0.004660450293223524,0,-7429814761.682064,-100.22864057592287,93.26178076299541,1.941224957129438,0.7189962499999999,0.02694587140801908,0.8411775,0.02972900088718085,374.8462335735356,5.990329384186595,26.88027760327097,1.1495839063224333,0.22607391727158144,0.009476842586885217,100,11.604867448074037,0.07810940029151194
71.860625,2.6609114245639596,0.12225750075807099,quadratic,2.5950242113997373e-05,0.0032466292315191346,0.0018454468091909579,0.0029372210414838266,3.9096960277320183,0.04551489163402993,0.3846343058890503,0.004662419543046655,0,-7070969.25002801,-85.17914404291925,93.30339482820057,1.9475122522942487,0.71860625,0.0266091142456396,0.84086375,0.030009439114010442,374.95541517075105,5.948940499887526,26.911717832341655,1.1637709279318187,0.22607344822410774,0.009459969643782627,100,11.625994803078132,0.07812989895735623
71.867375,2.6665118805988848,0.12212625001452793,quadratic,3.274549162877732e-05,0.003253370966773946,0.0018302692597016237,0.0029583367810960158,3.909754859320669,0.04545675700515349,0.384600057937411,0.004708947834813667,0,-3848462.140194141,-90.53176338942461,93.31458396677276,1.9268995264423152,0.7186737499999999,0.02666511880598885,0.8408,0.029823396855489143,374.91251659302776,5.964969338933963,26.89772039126423,1.1669272688191628,0.22598657340517267,0.0094344028378916,100,11.611537331282646,0.0780693688397128
71.8205,2.6855222490234554,0.12213500011652091,quadratic,4.1320124001153344e-05,0.0032549802213184195,0.0018368495053479852,0.0030023627518223845,3.9097099064504204,0.044729723932127416,0.3845791317601349,0.004659973823014092,0,-1448329.5607264515,-88.48717798910704,93.3089280308113,1.9195585678188893,0.718205,0.026855222490234563,0.8403399999999999,0.030097913548948866,374.90061537926726,5.952877997723878,26.91388086092942,1.160902788795413,0.22616248585472953,0.009519420087071762,100,11.628049308332866,0.0782613772693503
71.868625,2.671304102751126,0.12224499995725949,quadratic,5.2140082879996844e-05,0.003226110129198264,0.0018399233537605524,0.0028867014818790985,3.908237412603341,0.045396654181699615,0.3845848825266785,0.004606128788021718,0,-1135346.060458325,-83.33047326788024,93.24646702582345,1.9406827385659864,0.71868625,0.026713041027511267,0.84093125,0.029885536191233037,374.7740381215168,5.922904298437249,26.867119828553545,1.167202990799759,0.22599113918227753,0.009466940917653526,100,11.592800155281086,0.07808560731421844
71.857875,2.689828151457821,0.12163250000164792,quadratic,6.579332246575683e-05,0.0032481604539955997,0.0017763952224446608,0.00282013924732967,3.9090637173746177,0.044861754763251015,0.38463258821610086,0.004652632350277171,0,-726567.3847325264,-99.66767148735394,93.26631060784905,1.929990862722313,0.71857875,0.02689828151457822,0.8402112500000001,0.02986038970672519,374.8505411368364,5.954369731535518,26.89391699764088,1.1317042059669973,0.226162921258599,0.009503234048982243,100,11.613137851146215,0.07822069334078237
71.94175,2.691952253941366,0.12140625001564122,quadratic,8.302175681319735e-05,0.003226190098123718,0.0017965500632142787,0.0028320005569396154,3.909293954408222,0.045439597333323645,0.38463567178170227,0.004627871462958947,0,-413629.4330664749,-88.78704857771834,93.28529146111929,1.929623570757915,0.7194175,0.02691952253941366,0.84082375,0.030045947080055566,374.89152831304307,5.977354863086021,26.873827037927732,1.1499905246929716,0.2259512974865886,0.009434081255085621,100,11.591247815955056,0.0780066974796272
71.860375,2.725230239699941,0.12230500000030514,quadratic,0.00010476157527896651,0.003270294288987909,0.0018327882425320178,0.0029858629194366966,3.909308681130636,0.04534932672786451,0.38476402234271206,0.004650700014364331,0,-217565.6964032812,-90.59106727719751,93.28923859769117,1.9192270111393028,0.71860375,0.02725230239699942,0.8409087500000001,0.03012161472161643,375.0133126932305,5.94553773531609,26.89503030090931,1.1576051093706345,0.22620996410734834,0.00936044882630234,100,11.612335936545955,0.07816661121800532
71.902625,2.6845657208150073,0.12168250000072864,quadratic,0.00013219411484660288,0.0032386965546932277,0.0018296621723479934,0.0028997898331278994,3.908549307547634,0.04532166981780759,0.3846377043136717,0.004659548946715521,0,-143156.12106261955,-97.20777384772353,93.25697809826845,1.910882160211275,0.71902625,0.02684565720815008,0.84070875,0.029772641358090816,374.8426562698416,5.942264353071587,26.865550354954436,1.1534833021188597,0.2262402317216627,0.009395255305183975,100,11.58879266542335,0.07829406814197112
71.848,2.6600086466024884,0.12211249999951462,quadratic,0.0001668100537200059,0.003217999720618626,0.0018380649922332545,0.0028128168449032386,3.9080729953205235,0.04514339307096176,0.38463461242325336,0.004661568251672901,0,-118881.85003411898,-93.84642270678042,93.23459521290144,1.917157604882856,0.71848,0.026600086466024884,0.8405925,0.02973169930814584,374.7844754734188,6.032972947727153,26.87507532908417,1.1545379493058812,0.2261534301943121,0.009547620697793148,100,11.60204079233064,0.07820964512032577
71.878625,2.7306396886764466,0.12141499999925125,quadratic,0.00021049041445120198,0.0031882473766247196,0.0017826540118045609,0.0028287954101024813,3.909185486091621,0.04534800340247936,0.3846670614866704,0.004605813286038426,0,-55098.7260717511,-106.32323726597741,93.27900975845151,1.9601539837871342,0.71878625,0.027306396886764468,0.8402012500000001,0.029918171709472818,374.8898953501852,5.96667071317748,26.90406832827596,1.1560772115392313,0.22642874397624901,0.009338031997041137,100,11.622337163606579,0.07845999578345915
71.84825,2.714216634224321,0.12206375000174097,quadratic,0.00026560877829466864,0.0032503406140354414,0.001861737834230008,0.0029030741305127333,3.9090763660337253,0.045028152042426405,0.38474940665861934,0.004706537137442876,0,-40059.99303486382,-101.57894036457769,93.26773987194957,1.9293998427858339,0.7184824999999999,0.02714216634224321,0.8405462499999998,0.02990717490732784,374.9898829580127,5.99456574973097,26.89036186170116,1.1414352227532572,0.2261350948706661,0.009560453625180883,100,11.609483826217723,0.07810298894650647
71.8625,2.661220349764371,0.12171750000011675,quadratic,0.0003351602650938841,0.003218613587855684,0.0018436976517991492,0.0029102073549561254,3.9081551003134956,0.04506657020346302,0.38473003683254975,0.0046124416649492165,0,-22045.062462152902,-98.73447015267934,93.24258672261944,1.9314212131470234,0.718625,0.026612203497643712,0.8403425,0.03024702784985658,374.894925054808,5.958281898062373,26.86474140023683,1.1515848850581538,0.22628112734310468,0.009606996334558686,100,11.591065112130444,0.07826392610192957
71.888625,2.679033521510136,0.12184125000098237,quadratic,0.0004229242874389499,0.003250981431386502,0.001783571114679956,0.002854039690296405,3.9088934875004018,0.04500023631516077,0.3846557093842393,0.004602639582484167,0,-18025.379023620066,-91.40928350142497,93.26084327255717,1.9259498952679959,0.7188862500000001,0.026790335215101362,0.8407275,0.02996157111618147,374.86840572886587,5.984608750007592,26.892056593508997,1.1535357542523967,0.22608301092499078,0.009423499390599947,100,11.612608296885945,0.07812299616309841
71.891875,2.747077353183743,0.12159375000032013,quadratic,0.0005336699231206307,0.0032751324462365226,0.0018691707074460925,0.0029316400924029266,3.9085588823994177,0.045800237270880215,0.3846279186277045,0.004626695327477434,0,-13783.55199066659,-97.19287255601651,93.24830875896599,1.9494170682892975,0.71891875,0.027470773531837436,0.8405124999999999,0.030199542111594996,374.8199645574725,5.955841826370176,26.877450106312654,1.1653712933461762,0.2261954942292629,0.009371672292148542,100,11.60061756912927,0.07825685844138283
71.863,2.7207500804006237,0.12179125000008827,quadratic,0.0006734150657750821,0.003233193529323619,0.0017802276311168256,0.002845175081951563,3.908849849980599,0.045857607750481214,0.38466714811887226,0.004670996227487128,0,-7643.933677068993,-82.29795103490518,93.27296819703278,1.95452794028392,0.71863,0.027207500804006243,0.84042125,0.030110381074265724,374.876128297494,5.986128776013317,26.893403532175363,1.1705656967014668,0.22612956621801422,0.009531133552507114,100,11.614296382482015,0.0781607513761078
71.862875,2.6872982220764032,0.12185249999982395,quadratic,0.0008497534359086438,0.0031987547225754563,0.0018282682490353933,0.002882125692032468,3.908290309697668,0.04554502976872123,0.38468241785651897,0.0046813066154240005,0,-5355.429097286388,-98.37851812112972,93.24556680397387,1.9299944037309307,0.7186287499999998,0.02687298222076404,0.8404812500000001,0.029803622236860734,374.8666223265803,6.015735874931412,26.881737607510455,1.1601658407746858,0.22618340146482233,0.009543194873307273,100,11.607004462633762,0.07820283885688487
71.871375,2.7241660392448552,0.12171000000059763,quadratic,0.0010722672220103231,0.003258688087277833,0.001795494453024075,0.002865033643269449,3.909483915931975,0.04514742171779588,0.3846884527928786,0.004637719154811394,0,-4564.298035646059,-89.43216390975492,93.29662272024368,1.9171252532340382,0.71871375,0.02724166039244855,0.8404237499999999,0.02954078428101562,374.9910242112315,5.906460673130282,26.887764963913092,1.1597735945280936,0.22629115205983097,0.009402479678718765,100,11.603700474982281,0.07830594634765216
71.904875,2.7308105453097617,0.12217125000002989,quadratic,0.0013530477745798061,0.0032449831244429237,0.0018177385282292157,0.0028337715859117975,3.9086149472037017,0.045083429037471215,0.384645810139991,0.004611876489121302,0,-1990.703655826671,-97.79824785556694,93.2620362574398,1.916227031776312,0.7190487499999999,0.02730810545309762,0.84122,0.03007343678397931,374.85368892625286,5.968335635007487,26.862741935150126,1.159910248345192,0.2259711000270258,0.009398870812788673,100,11.58547112964593,0.07801870076877583
71.859,2.6955739648542383,0.12202500000000073,quadratic,0.0017073526474706904,0.0032017124277917,0.0018171353098125468,0.002903060788516324,3.90871669035104,0.045037240155398874,0.3846207849225328,0.0046096049436156715,0,-1582.1955777770675,-102.77168558981658,93.25950479351403,1.9212582489736625,0.71859,0.02695573964854239,0.840615,0.02988388821756633,374.8231305366914,5.940701779089832,26.887675613371655,1.1532668726683337,0.22610767567461149,0.009355024224040293,100,11.609609447942868,0.07817452748018623
71.916375,2.7063133335545237,0.12149374999999109,quadratic,0.0021544346900318843,0.0032069187844051797,0.0017309684402907176,0.0027671253290591077,3.908919191408155,0.04579646310734867,0.38465434555519334,0.004655496435232744,0,-1035.229060852785,-125.3431306886697,93.27846072528123,1.949728439183788,0.71916375,0.02706313333554524,0.8406575000000001,0.030083927498749222,374.8604667208121,5.967910005569836,26.865891619053077,1.1628175344065146,0.2260575273579586,0.009548000284486127,100,11.586242374094091,0.07809856180346449
71.979375,2.6771159125773765,0.12141250000000774,quadratic,0.00271858824273294,0.0031627037271499433,0.0018101907905349593,0.0028457620425566227,3.909435223711979,0.04575527104939026,0.38459273470584937,0.004690237740950264,0,-798.5242332091905,-164.256929956753,93.31255084185588,1.9348203390678784,0.71979375,0.02677115912577377,0.8412062499999999,0.02992753683378403,374.8724686285545,5.937126861507457,26.871966649033673,1.1605992937326446,0.22589600482686586,0.009491293926097015,100,11.588282880633745,0.07798443323834203
71.97,2.6953385687145133,0.12166750000000312,quadratic,0.003430469286314919,0.003212675374872557,0.0017932760066131708,0.0027951798110889096,3.9083250713499296,0.04512825562933122,0.3846631601705776,0.004692503375468241,0,-678.1398835638118,-184.78787570623408,93.26703296140157,1.9273457673205892,0.7196999999999999,0.026953385687145136,0.8413675,0.029801928524006628,374.84931134494826,5.896575945021783,26.850543293374194,1.1639158363838449,0.22588801525905727,0.009484418114392636,100,11.575538430031763,0.07792226846664184
71.902125,2.7122030684251874,0.12166625000000197,quadratic,0.004328761281083057,0.0031913024574266196,0.0018323050497471099,0.0029031403596191264,3.9088505624666783,0.045394143620036395,0.3846807088077857,0.004625964177897736,0,-365.7688549500709,-204.40699816717625,93.25389573705718,1.9291089151323286,0.7190212500000001,0.027122030684251876,0.8406875,0.029837934642833436,374.89661406494037,5.938231587507759,26.8734562466232,1.1545556527048013,0.22615014448689363,0.009580499470083917,100,11.594343526927133,0.07817089675803321
71.86125,2.6762844462986366,0.12202500000000578,quadratic,0.0054622772176843425,0.003221283713724556,0.001797095204791563,0.002804901388814133,3.9086836424686493,0.04540033226499086,0.38467806339719895,0.004663463134120629,0,18285418607.335533,-175.6295387661067,93.26334065137785,1.9162879469860867,0.7186125,0.02676284446298637,0.84063625,0.030256531293879337,374.86923072472155,5.927240034267414,26.882562460052636,1.1718277946226905,0.22613093445803714,0.009466097994914123,100,11.604754643150649,0.07815372199901771
71.90175,2.7319126884840226,0.12150500000000065,quadratic,0.006892612104349695,0.0032215310588500847,0.0018023853647356133,0.0029212458671181362,3.908496717352759,0.04486865520923672,0.38465555450639155,0.004643342156039744,0,-175.4513213899579,-147.8514980698991,93.26615550349412,1.9290044262040715,0.7190175,0.027319126884840228,0.8405225000000001,0.030244040631998887,374.87445775776587,5.941330025176996,26.862879574228756,1.1525396092788536,0.226092879925081,0.009407220049292645,100,11.586532984671464,0.07813298431246143
71.87675,2.646660053255801,0.12151624999999734,quadratic,0.008697490026177835,0.0031808472948180394,0.0017586886501068588,0.0028016283215309117,3.9088642097379513,0.04467093677039207,0.384711646488485,0.004608456746819249,0,-146.32273331690567,-113.25161636860172,93.28147725623977,1.8890410345850364,0.7187675,0.026466600532558015,0.8402837500000001,0.029893259874719247,374.9489028840179,5.831128197410548,26.885756016114918,1.1511237012374977,0.2263275874946212,0.009431190172776539,100,11.606536605944617,0.07832453655074015
71.914125,2.6864475584635934,0.12159624999999949,quadratic,0.010974987654930568,0.003182128448341551,0.0017775874240646625,0.0028267491143519974,3.908698561152168,0.04525183841834455,0.3846814034890114,0.004659652973118588,0,-5269213861.829328,-88.05150173110029,93.28529119920542,1.9240534527180984,0.7191412500000001,0.026864475584635936,0.84073625,0.029856246179610385,374.91208122268864,5.939129376527657,26.86969801777895,1.1625512505231734,0.22608174995560906,0.009450012347653332,100,11.591773575825922,0.07810196776533346
71.895375,2.7215673075224505,0.12137375000000046,quadratic,0.013848863713938717,0.003235912510207427,0.0017678628036101127,0.002763930175276987,3.9083780528434517,0.0458251165233853,0.384712890134341,0.004696037489454814,0,27679144399.975296,-66.93112416369921,93.24952487008987,1.9630361189268117,0.71895375,0.027215673075224503,0.84032625,0.029653095301123283,374.87192415089805,6.047791907760424,26.88083259311498,1.1558143681115256,0.22627687516836426,0.009301842718146292,100,11.60541358916661,0.07827286733284672
71.9285,2.659537130780467,0.12162249999999948,quadratic,0.017475284000076828,0.0031778334161745355,0.001778346015627482,0.0027575260980958224,3.9078802617260884,0.045479601486980825,0.3847342442846806,0.0046389592563160515,0,-53.71654629805134,-50.61773910243062,93.24352241738517,1.926528908552605,0.719285,0.026595371307804677,0.8409075,0.029981268214503535,374.86498630804255,6.046837277696623,26.854219212263345,1.1565993106734513,0.22606319419270887,0.00951062582252329,100,11.582691072274985,0.07804275546740458
71.949875,2.6984926318919236,0.12135250000000042,quadratic,0.022051307399030457,0.003131319644901856,0.0017745061248709152,0.002804991081830671,3.907803952848883,0.044999328567271214,0.3846750620866059,0.0047023128344823965,0,-44.89761124918737,-40.56909626204286,93.26618714882574,1.9028522549049105,0.71949875,0.026984926318919238,0.8408512499999999,0.029632125698935266,374.80348176317136,5.996551019943995,26.85580436196019,1.164455625570339,0.22616392917298903,0.009555882032717702,100,11.584872628058838,0.07818902578165493
72.001125,2.6919089387226682,0.12072374999999975,quadratic,0.02782559402207126,0.003049422213844884,0.0016868123994479305,0.0026544793954847113,3.9070525746721936,0.0462160813999778,0.3847758145335073,0.0046836021867785755,0,-226807612813.26883,-33.16651203461031,93.24551693002856,1.9656474789289222,0.72001125,0.026919089387226685,0.8407325000000001,0.03006806351845758,374.8232206380333,6.075480721280287,26.846693089021414,1.1706041088501802,0.2262900328484292,0.009703232655536765,100,11.581633267768796,0.0782376053985052
71.897875,2.7119541818354898,0.12051875000000015,quadratic,0.03511191734215127,0.0030042969016113668,0.0016778304754375211,0.002626520851585523,3.906950393153844,0.0459434482840542,0.38487727810431616,0.004678229795324757,0,-31.58003249808986,-28.550195126066868,93.26414024100444,1.942065091992443,0.71897875,0.0271195418183549,0.8394974999999999,0.029945742497891076,374.94836026838937,5.971541579724744,26.87859145058734,1.1647048156155968,0.2268151213740946,0.00956761536848405,100,11.614330076022364,0.07868460217310747
71.949375,2.7198919297234956,0.11972874999999997,quadratic,0.044306214575838776,0.0028935435294370083,0.0016472232471704427,0.002625110799746296,3.9062532198999707,0.04589282026430615,0.38486343379650056,0.0047898177344508665,0,-25.895991928957233,-25.895991928957233,93.29529710149352,1.9211783393404123,0.7194937499999999,0.02719891929723496,0.8392225,0.030058617628726702,374.8860400987398,6.066712988946087,26.854275765893842,1.172957554820656,0.22684991769670249,0.009509707904001382,100,11.595461547914953,0.07873005502306912
71.899,2.690222853222387,0.11903124999999999,quadratic,0.05590810182512223,0.002802243493816926,0.0015932760187537664,0.0025423874110871597,3.904087945118273,0.04643144844954215,0.38494928591296856,0.004820325908540459,0,-23.177899475952216,-23.177899475952216,93.26783320521028,1.9205974714886265,0.71899,0.026902228532223873,0.83802125,0.030045749257382477,374.76787259432734,6.048128909696253,26.873004589204356,1.195752113960738,0.2274218050437169,0.009682234986847744,100,11.631101905986535,0.07923585231881246
72.00825,2.6988760507848446,0.11716374999999997,quadratic,0.07054802310718646,0.002630514110200523,0.0014996168706973712,0.002411919012624859,3.9018450537364604,0.047855490624143175,0.3851243037862471,0.004821901797622893,0,-21.277780757173783,-21.277780757173783,93.26309063962056,1.9365299761926238,0.7200825,0.02698876050784845,0.83724625,0.03017249344912514,374.7074308477686,6.074948775963245,26.852010459393338,1.2157801041804557,0.22791761059389545,0.009919213138542536,100,11.627615636025656,0.07959688122705388
71.987125,2.6652315536131193,0.11474250000000001,quadratic,0.08902150854450393,0.0025089642560823895,0.0014067490435019394,0.002257174390743455,3.8981594880791985,0.04834858070154696,0.3853922664573261,0.005000478783747117,0,-19.851322885451175,-19.851322885451175,93.26173380601551,1.9128684987038598,0.7198712500000001,0.026652315536131194,0.8346137499999999,0.029972083860444195,374.62620227072875,6.196852745564351,26.870628623106874,1.221872414957358,0.2292463556423197,0.010100811077133042,100,11.674981228604993,0.08071915659720506
72.033375,2.6914236213154927,0.11173624999999998,quadratic,0.11233240329780265,0.0025037150934617185,0.0014273699582624552,0.002270973757787836,3.891629647736602,0.05062870824705634,0.38583738164227255,0.005179401339983483,0,-18.34768300151606,-18.34768300151606,93.2609806754962,1.9300621984473343,0.72033375,0.02691423621315493,0.8320700000000001,0.029835215769288468,374.54193099212154,6.348192184524911,26.856396925417883,1.26978336616404,0.23100601386107394,0.010379662950132427,100,11.711615610275375,0.08213552878850928
71.98875,2.7144287497556463,0.10768375000000005,quadratic,0.14174741629268048,0.002599061693364494,0.001500774874681483,0.0023482323654993235,3.883982039517518,0.05300142744323734,0.3862256071250997,0.005454605950003442,0,12973577521.382309,-17.332520485168885,93.27524620835891,1.9223321037293302,0.7198875,0.027144287497556468,0.8275699999999999,0.030230697974079245,374.23645547588427,6.463571199767529,26.90541493996609,1.3432870013503844,0.23330919850888623,0.01085297277811923,100,11.82009845667143,0.08413897890973437
71.932625,2.7541034129776243,0.10110125000000002,quadratic,0.1788649529057435,0.0027426131818227327,0.0015659089325161543,0.002344527358842759,3.8729306786097917,0.05718291735398441,0.3868803272485463,0.005882493598137409,0,-8613124317.595816,-16.559439535378107,93.27556662333251,1.9569554221717291,0.7193262500000001,0.027541034129776248,0.82042625,0.030148894025113077,373.9945558256796,6.8460320383476905,27.013718467796373,1.407954726036563,0.23711551427039207,0.011742408573951682,100,12.01412642647947,0.08743912665844977
71.631125,2.788827035578757,0.0946437500004527,quadratic,0.22570197196339215,0.0030349163695972976,0.0017209787238237873,0.002527916878552046,3.8599936466937037,0.06172703396535098,0.3878240521978826,0.00663127284296229,0,-73995826378.21915,-14.909848954031405,93.3197591940028,1.9063496925490084,0.71631125,0.027888270355787576,0.8109525,0.03076634108486089,373.75366490706955,7.215549007907751,27.241911611413364,1.5325312338016357,0.2426206306432208,0.01294001565361411,100,12.342360658897608,0.09221313518003486
71.08125,2.8096082355908627,0.08736624999999998,quadratic,0.2848035868435799,0.003424625494397165,0.002023733642789039,0.0028581546932856575,3.840508803695997,0.06999387652343453,0.38850400853161693,0.0075479667428283515,0,-13.521025230972704,-13.521025230972704,93.28341874485648,1.937093951455487,0.7108125,0.028096082355908623,0.79817875,0.03070538305309835,372.8619043133256,7.786022947909759,27.582753435511528,1.673045648053516,0.24961720443883825,0.014577431335479125,100,12.833245564245066,0.09868183979370357
70.234875,2.8900620641043333,0.07995375,quadratic,0.3593813663804626,0.00388750654731329,0.002468583827851269,0.0032631247974223045,3.8188363021343954,0.0812250762136197,0.3894712565269365,0.008841318348813266,0,93743454146.61613,-12.285901633409548,93.30247987476416,1.9459316850502677,0.70234875,0.028900620641043324,0.78229875,0.031140459990782094,371.9778295725677,8.888307873379196,28.13677421601662,1.8756861426016405,0.25908676420504106,0.017187394287547536,100,13.553263513517116,0.1073989045443703
68.932,2.9748741149836913,0.07158250000000003,quadratic,0.4534878508128582,0.004429715625451715,0.0029187357840975833,0.003693973328104691,3.7931670291538637,0.09417603455491634,0.3898931187142354,0.010424756891425092,0,-320884674053.49585,-11.912254917401105,93.31344531019126,1.9321749520696612,0.6893199999999999,0.029748741149836895,0.7608975,0.031744204096968646,370.48918907681224,9.981277218914151,28.878245522572463,2.11674437939279,0.27106384502442304,0.020191595216730807,100,14.490129411512513,0.11904720100371025
67.38275,3.079488989670202,0.0634137499999793,quadratic,0.572236765935022,0.005022433339423322,0.003753943104237627,0.004435014518317438,3.7693117138350702,0.11602902410867255,0.3912054754874333,0.013276368078171943,0,97305731693.73462,-9.505503369165654,93.34444511543428,1.9562936903351336,0.6738275,0.030794889896702003,0.73723125,0.03243488127675976,369.34010012452836,12.145915425212022,29.87171337359941,2.4888399996563244,0.2870858848993758,0.025695510495384963,100,15.664002577545135,0.13404416084802703
65.342,3.192849197816896,0.05654000000000407,quadratic,0.7220809018385457,0.005831094329502989,0.0047940067921275345,0.005361167639230196,3.740295845352648,0.14112582462417772,0.39182832033934045,0.01648164174711,0,509822747442.4459,-9.719965108495241,93.36689644731872,1.9540084392308363,0.6534200000000001,0.031928491978168966,0.70994125,0.032950858083477884,367.49639413361234,14.552055977735867,31.18169457865817,3.082882850735302,0.3053016411431434,0.03322550178900592,100,17.19188156789589,0.15177220852319456
63.08625,3.3067825658032004,0.050039999999999925,quadratic,0.9111627561154887,0.006965241698368813,0.006178655284714187,0.006517903822781004,3.713237480346269,0.17745655146050984,0.3930782553444202,0.021168110708242486,0,140742754550.0242,-11.350109190009823,93.3755859105971,1.9572505930909734,0.6308625,0.03306782565803202,0.6808775,0.03405480867293192,365.7419942532231,18.111495019227252,32.71038809230243,3.8388391611741497,0.3274855370724748,0.04374833963515061,100,18.92225550685412,0.1729750222478616
60.704125,3.3908086033238445,0.043841249999998014,quadratic,1.1497569953977356,0.008186456557196901,0.00810843354928542,0.008158933203612776,3.682912132824732,0.2194909500284494,0.3940876411608388,0.026705768054013937,0,-24538755476.65368,-12.511147666696598,93.34079005192649,1.9615443162114377,0.60704125,0.03390808603323845,0.65083375,0.03459721608652205,363.5803300475223,22.299067065918923,34.184679209636116,4.6989292238350835,0.3515854547848185,0.056899560954297,100,20.620837431528496,0.1962803858691045
58.284625,3.4734872404220805,0.037854999999996974,quadratic,1.4508287784959402,0.009764634362466648,0.010744663763575187,0.010690523959248117,3.6569975416456186,0.2773821934872401,0.3957587132447506,0.03448030887061819,0,293296459410.7021,-7.9616551327462295,93.39354248632509,2.0098277127602424,0.58284625,0.034734872404220796,0.62062125,0.035275721798958284,361.84822031539153,27.905661231917257,35.68088383179452,5.919019593942117,0.3807771781619657,0.07778177169362008,100,22.307252812192417,0.22415221905282498
56.2305,3.505263149893314,0.03223152894111499,quadratic,1.830738280295366,0.012051884871213028,0.014270331638527504,0.014027529703596223,3.6345667136813007,0.35549773672190554,0.39780777890267943,0.04533103069034599,0,-1029758092123.454,-7.5162553083616634,93.39408091509756,2.109263054502603,0.562305,0.03505263149893313,0.5944262499999999,0.035974585625653845,360.3014623592149,35.75452631593016,36.92515905228811,7.689254131281432,0.4097621958459069,0.10753497550519307,100,23.715083856088015,0.2515111668904238
54.5785,3.544762015989226,0.027157500000001528,quadratic,2.310129700083158,0.015041194924330937,0.019853596649607397,0.019417490324820066,3.634575458588766,0.462275256579483,0.4022504874577109,0.0602816058085817,0,-249732905264.76007,-6.952639028450792,93.34948145170749,2.202099482156795,0.5457850000000001,0.03544762015989225,0.5728,0.035860981581657785,360.91602585453177,46.35595870640428,38.45486700218373,10.229004794925038,0.4434372248541384,0.15307750561151073,100,25.244728238007998,0.28163177019417235
53.173375,3.5513822815032183,0.023126640830096672,quadratic,2.9150530628251756,0.020025206899857335,0.02850987457471588,0.028157927577260357,3.650215248487293,0.6005683188341633,0.4089005818407217,0.0810248279495119,0,481721361421.51917,-4.58904028296505,93.25034508805707,2.3699667171387926,0.53173375,0.035513822815032174,0.55469625,0.03572265018076765,362.9610102670654,60.246982640702186,40.24377254627145,14.060904176293242,0.4848265756989989,0.22428961320800853,100,26.919701185982298,0.31762688986931814
52.191625,3.555862041667955,0.01898737342173507,quadratic,3.6783797718286344,0.026252755769981356,0.039617120469641116,0.03926565313689619,3.6829377021931817,0.8113294267139249,0.4202459768090795,0.12483661295186199,0,-505690677893.2869,-5.279839415122161,93.15459311267858,2.777616461183727,0.52191625,0.035558620416679565,0.540725,0.03600138018187636,366.6217596007511,81.09012237247815,42.62655550242697,21.023274426571614,0.5567532956617516,0.5102608429042463,100,29.062525384190977,0.38014661463753424
51.50625,3.590537694761051,0.01568333543267421,quadratic,4.641588833612782,0.035988884067055575,0.05958150215069103,0.05769096526554527,3.7447395797606404,1.0540338201026986,0.4418881524857606,0.21350102821492317,0,32783987340114.28,-3.6035417006219146,92.82946000806962,3.6070622232563743,0.5150625,0.035905376947610514,0.5304325,0.036301004720944025,373.29486292561404,105.6326798410059,45.87112830916804,29.103957603246187,0.7038553952826039,1.4512899837506075,100,31.848053788942146,0.508590255975325
51.12075,3.571403006872789,0.014244075529083768,quadratic,5.857020818056661,0.05134665148096576,0.0942991937141764,0.08724186096047043,3.8343047974623605,1.3195560718027877,0.5020231772054853,0.4245964958107162,0,3221400954283.859,-1.1895388115669239,92.12874624132436,5.386354775957405,0.5112075,0.035714030068727906,0.5250612499999999,0.03799830586272893,382.41317904149486,132.00540275761566,50.128321895279385,38.43356192361255,1.211114333826138,3.7751871385802787,100,35.42642861543651,0.9590870633746481
50.84475,3.542371724918208,0.014424350483953132,quadratic,7.390722033525775,0.08023761739212144,0.14727460182788907,0.12910163187422677,3.8135868536109716,1.5471289462079352,0.5816767977617148,0.6525529827361389,0,-830186865007.2502,-0.9546646946322044,91.35598829445357,7.386422250665263,0.5084474999999999,0.03542371724918209,0.522405,0.041937345826840305,380.5532690687694,154.58761537002192,51.74974402244379,45.487534418396244,2.027644900474139,6.256581352687679,100,37.20629933240936,1.6892970034198158
50.625625,3.5537611567710905,0.019143949044585988,quadratic,9.326033468832199,0.16184281228427141,0.22004426821349504,0.18146964158960066,3.704007992144757,1.733331565079943,0.7470721453350349,0.9929679223883494,0,5324047044175.25,-0.67666939700213,89.79751825193209,10.304302348097815,0.5062562500000001,0.03553761156771092,0.52484,0.05385883771490061,369.8507351751927,173.4329593644738,51.22512842412349,49.361644393874116,3.7920083684283523,10.056553195685353,100,37.505453218251255,3.233891578092861
50.416125,3.5745230429212507,0.026963131889015585,quadratic,11.768119524349991,0.354537468949698,0.34560776753175126,0.2646148075286629,3.4625536989357144,1.886038192906285,0.9389938118116977,1.2923632937507474,0,-11859660554.74658,-0.6244369157754841,88.11309258098915,12.957341345962952,0.50416125,0.03574523042921252,0.5306287500000001,0.06624984659180351,345.7533467538493,188.61493641935957,47.772416563770165,52.19708805320123,5.9618531361831355,13.395250748071906,100,35.78313844575676,5.080143757562474
50.176375,3.638477272070694,0.03746083880747849,quadratic,14.849682622544636,0.8090243478174178,0.5169774120401988,0.3815727582146822,3.130625306154961,1.9602806742311638,1.154683119685573,1.5625382389831848,0,-2.289541508994762,-0.19645648996286036,86.32770124515912,15.3999808625656,0.5017637500000001,0.03638477272070695,0.538725,0.08079309608499974,312.58366622823536,195.7059943343073,42.10521980383869,51.344569531153574,8.454443730474106,16.335667546977444,100,32.30440499630085,7.121150623587299
49.98375,3.672156850884777,0.04805117862095046,quadratic,18.73817422860383,1.6629178935962485,0.739709490430598,0.5374976880476329,2.7981082981569734,2.0281881926762377,1.3534875604523744,1.762736988998604,0,23367079311.725655,-0.1379479044818741,84.61642066143277,17.24801763002047,0.4998375,0.03672156850884777,0.547395,0.09070261283447131,279.5814505194714,202.89379644509518,36.87762605549821,51.322260783834786,10.78641421812986,18.502480300411996,100,29.048216007283298,8.95448564183054
49.843875,3.6964848145738407,0.06184140969162996,quadratic,23.644894126454073,3.436896869156207,1.0634898079127124,0.7440263487895047,2.4221857819305566,2.0082980952679246,1.618950101246603,1.9614647532580438,0,-0.08378316842950059,-0.08378316842950059,82.34286863239913,19.05978890118908,0.49843875000000004,0.036964848145738416,0.5597837499999999,0.10177261781018263,242.033727003707,200.77137359882622,30.5903674427437,47.98792507161971,13.827321481509536,20.618886825799787,100,24.723383480557157,11.20632205118315
49.717625,3.7662500394125455,0.06959768669851647,quadratic,29.836472402833405,6.450803399819188,1.4695975034736812,1.0331904018634714,2.1120910595913758,1.9765903145410622,1.7147545836140354,2.0598316698777146,0,-0.058012597596930615,-0.058012597596930615,81.65985934679458,20.048897303434384,0.49717625000000004,0.03766250039412546,0.5663162500000001,0.10778215291010614,211.0432274391423,197.6170982822524,25.92178453019502,46.195134251143685,15.104806995545587,21.588321000017707,100,21.460855886189197,12.164423713520243
49.529875,3.883729841836968,0.07996107972379159,quadratic,37.64935806792464,12.16277150191584,2.018046667516171,1.4082537888985684,1.7776303453252837,1.8626511664379302,1.870786032979362,2.1684358025341957,0,-0.04811075089396436,-0.04811075089396436,80.4252850980021,21.15738814936988,0.49529875000000007,0.038837298418369685,0.57486625,0.11375404217405859,177.66716303321215,186.29426116133217,20.42654154488135,41.55483509734518,17.009706412228923,22.657543738963124,100,17.26657190026006,13.509866031038266
49.40525,3.9123870510853087,0.08974255933693331,quadratic,47.50810162102793,21.914521335292264,2.7980881336319112,1.939952883308361,1.533553629840815,1.7948408264342657,2.0266084312977672,2.2592633005382328,0,-0.02929289333013261,-0.02929289333013261,79.1020681100497,22.068490709832883,0.4940525,0.039123870510853094,0.58333375,0.11936498067246315,153.2483068617859,179.2267024956302,17.128358233641585,39.22311949798175,18.821007363213813,23.545189443050386,100,14.776571498043644,14.713865629406616
49.14725,3.915171444202667,0.0965576441102757,quadratic,59.94842503189409,38.34555003629369,3.73598022470786,2.6330334554527015,1.2883359623701935,1.644231337596072,2.1102496844788368,2.3238515249413076,0,-28899238018.196495,-0.020068707177404995,78.54727001362346,22.781440190898735,0.4914725,0.039151714442026676,0.58776125,0.12353855875166062,128.87212054292436,164.636049083647,13.572936860565202,34.143650045478154,19.901301850833548,24.110831201015472,100,11.91312730862887,15.448148119990519
49.176,4.013916292101768,0.10204508453350032,quadratic,75.64633275546291,66.89658658635877,4.810534252661024,3.4016492770514586,1.0736429160839953,1.5003554369628864,2.176409570209654,2.3794320205424535,0,-0.013808347131726666,-0.013808347131726666,78.0822595751824,23.43443719574052,0.49176,0.040139162921017685,0.5935949999999999,0.12661793307031985,107.35312668649934,150.09829125684388,10.471139304116742,30.397397106750518,20.785742010566963,24.591865362848722,100,9.318430192859397,16.04898339326679
49.084125,3.9048748999647858,0.1073625547902317,quadratic,95.45484566618327,110.11900770109195,6.437718403520142,4.453020348797845,0.8856191753962462,1.360667047700472,2.27395840726155,2.406544745072418,0,-0.010954860798167891,-0.010954860798167891,77.29614679887419,23.74492511904961,0.49084125,0.03904874899964787,0.5979837500000001,0.12708686885724071,88.53390673620015,136.058485806228,8.163306825490986,26.761237309740622,21.965063539235533,24.78976045130661,100,7.378985501661459,16.794176701280048
49.018125,4.013576520308913,0.11287967947915362,quadratic,120.45035402587835,189.71002108142565,8.241087386473442,5.816541863972161,0.7654734078989958,1.2788618427941272,2.320733748697238,2.4535034039753247,0,-0.008279532942201108,-0.008279532942201108,76.89654951331494,24.2596647660189,0.49018124999999996,0.04013576520308913,0.60286125,0.13052452163650133,76.49642765964505,127.87178179982449,6.856256832915044,25.383596664744655,22.56001533468313,25.205332341091022,100,6.2703072947145415,17.17421020234079
48.965625,4.036575697218497,0.11668210262828535,quadratic,151.99110829529332,312.0051347541728,10.537057804335353,7.497480038238449,0.6444508137363708,1.2156540490122947,2.399676309427878,2.46759591187427,0,-0.006556340410741462,-0.006556340410741462,76.25286849700747,24.469976767844784,0.48965625,0.04036575697218498,0.60618,0.13127759747953952,64.41158637533489,121.49521048641692,5.8713554446997716,24.716525600325667,23.467041414345225,25.279939660447045,100,5.456038593374301,17.708595024315827
48.9685,4.079584261907089,0.11692519389542157,quadratic,191.79102616724848,498.1125736851054,13.74360426195787,9.621416215488669,0.5234777372572963,1.0380651244044463,2.3771425830008694,2.4924751064842643,0,-0.0046787233210145275,-0.0046787233210145275,76.593907559051,24.778472808268027,0.48968500000000004,0.040795842619070884,0.606515,0.13259536106138858,52.285724672413586,103.5546259765169,4.180296097866166,19.745251304529084,23.361614656217274,25.446469502481047,100,3.9062671564621474,17.71080779630123
48.853875,4.132737892048684,0.1216714625297135,quadratic,242.01282647943833,834.9358232225716,17.443809454787843,12.303467317330206,0.45448338022263374,0.977306026733135,2.4442290483678195,2.5034038635865348,0,-0.003533016978646543,-0.003533016978646543,75.96091996867838,24.932001260825185,0.48853874999999997,0.041327378920486844,0.610095,0.1329096158108961,45.37114569635664,97.47508953214528,3.581988141129332,17.83666694292003,24.093940947590887,25.512387530306814,100,3.375432998230741,18.11968530670583
48.849125,4.095102164094933,0.1211476846057572,quadratic,305.38555088334124,1323.39863356722,22.52137836223886,15.930453751177115,0.3688185366601752,0.8453953652355235,2.414433345429874,2.5212552425991785,0,-0.0028225436267339727,-0.0028225436267339727,76.36383614863456,25.14847533182922,0.48849125,0.04095102164094933,0.6094749999999999,0.13385038055605222,36.857717794612626,84.51900310316813,2.636972776801476,15.50739559537278,23.902812662808376,25.650286028809493,100,2.500945663817323,18.073324283284684
48.69925,4.071952779379937,0.12520825515947467,quadratic,385.3528593710535,2195.1219390117885,28.781222699045443,20.482297283862614,0.32057933536191985,0.8503891228485123,2.4904344443085153,2.5322200046394188,0,-0.002984172104472584,-0.002984172104472584,75.66216163230216,25.28981280452268,0.48699249999999994,0.040719527793799386,0.61211625,0.1349302004220608,32.03637241145746,84.84664763099904,2.5280433804926807,16.063140967477345,24.706317084733755,25.71884696060063,100,2.4252722702315905,18.50405336333549
48.751375,4.114980025391982,0.12337668834417208,quadratic,486.26015800653533,3461.7141355771537,36.104317344313486,25.404337335889352,0.25079606908013924,0.6805052158519884,2.4475615745572132,2.534033107491295,0,-0.0018101234461349557,-0.0018101234461349557,76.14025697663845,25.38389273499672,0.48751374999999997,0.04114980025391983,0.61082375,0.13421953634228326,25.075699470032802,68.14657134799789,1.625688053353702,12.171003072532908,24.339656542931568,25.677195376399606,100,1.562789385087652,18.349098881682583
48.82025,4.05572927320106,0.12311944965603502,quadratic,613.5907273413163,5439.297041072488,45.655993111620376,32.43147894455839,0.21120002888480696,0.6418049843907147,2.442821557573679,2.5378145551360274,0,-0.0014332625843436397,-0.0014332625843436397,76.20983094323533,25.423776862396213,0.4882025,0.04055729273201061,0.6112387499999999,0.1338967064510457,21.125273974360745,64.30880784529815,1.400843657713839,11.756673835558626,24.33460577347293,25.69017538280994,100,1.3562382055128956,18.367228611326233
48.791625,4.103956001149988,0.12484298761416239,quadratic,774.2636826811278,8814.125121501573,58.23192520904598,40.909113012547124,0.17552370210423537,0.574351739678203,2.463808220584331,2.543073924954054,0,-0.0009374800854807425,-0.0009374800854807425,76.05144154855897,25.487613409649953,0.48791625,0.04103956001149989,0.61264125,0.1336926935117903,17.540890838062033,57.38940707829462,1.0981190050960699,10.59407783232511,24.580861652056694,25.717735041574247,100,1.0673104350956935,18.510510704237767
48.711,4.140951460715279,0.12648280175109444,quadratic,977.0099572992247,14115.802552505444,75.55915660571394,53.872415997850084,0.15225936488991862,0.5615863727804827,2.4915060322305886,2.550674097728577,0,-0.0014449570590587967,-0.0014449570590587967,75.80555035419849,25.582370603838047,0.48711,0.041409514607152795,0.6135075000000001,0.1348307177306047,15.21130385872737,55.984807580148335,1.025680113757079,10.46371015978493,24.881555044430044,25.776324013244043,100,1.0024971995603977,18.67395273578863
48.70375,4.113482215532237,0.12702039794769115,quadratic,1232.8467394420634,22565.36735659635,94.65185943079027,67.72971810912959,0.12019170673505365,0.45620470941677277,2.49281808719287,2.5492943113761175,0,-0.0005589037100224868,-0.0005589037100224868,75.84684928795119,25.57199065676774,0.4870375,0.041134822155322374,0.61390375,0.13416817147124538,12.026901208441881,45.685625636679866,0.6953235980774539,8.317049963590703,24.933952455861984,25.744724228698335,100,0.6808775517095688,18.719810440026066
48.800375,4.117162233793441,0.1272380117691248,quadratic,1555.6761439304723,36323.265568087365,119.63922062301819,85.96957748794553,0.09917087093997698,0.444971993600878,2.495900903897851,2.5602604873225188,0,-0.0006846060458927664,-0.0006846060458927664,75.7907284030921,25.723061638351858,0.48800374999999996,0.04117162233793442,0.61501875,0.13484972987899346,9.916905180391405,44.53579683045882,0.6420024576273954,9.091000110238522,24.98131533623015,25.83447688172818,100,0.6321675959844019,18.75179401415204
48.762,4.132838733848685,0.1267894275335087,quadratic,1963.0406500402685,58281.61570251156,152.7920765789884,108.86706662695221,0.0853965388054913,0.45866904406978626,2.49137824391687,2.553982968773686,0,-0.000386170985119371,-0.000386170985119371,75.85018724061703,25.687870838131968,0.48762,0.04132838733848686,0.6141187499999999,0.13488967120738896,8.522084419174023,45.3727841146643,0.6508617035590161,19.504307012048717,24.943635070487943,25.750370043805795,100,0.6435691347190583,18.736669516225636
48.7455,4.171657913827547,0.1270689223057644,quadratic,2477.076355991714,92917.13133867522,193.07643808876952,136.6207945009154,0.06930721906980696,0.3381490605353179,2.4860929615904026,2.5598873321558617,0,-0.000456190231378334,-0.000456190231378334,75.95539175706901,25.723116133688798,0.487455,0.04171657913827548,0.61418125,0.13497983052455467,6.9210659959900545,33.59158959195614,0.3631232951081107,5.817730290289093,24.913977326291167,25.807049863717463,100,0.3583198044929205,18.733319112621828
48.7465,4.1226190401248575,0.12835151059295474,quadratic,3125.7158496882353,147639.42807947236,245.9914004308147,176.07907890111844,0.07025212875026021,1.1772317758455093,2.5071445205212486,2.561606024798591,0,-0.0002568294222112121,-0.0002568294222112121,75.75466722932562,25.740633251474506,0.48746500000000004,0.04122619040124858,0.61541875,0.1346713579364131,7.019553613992869,118.20394257834683,4.025948573875496,339.6213410179135,25.14966802324631,25.83708181563451,100,4.021013212281553,18.86389437646659
48.73775,4.125436332983458,0.12713927227101632,quadratic,3944.206059437648,234865.55463902248,306.7196832864351,217.29119274202898,0.041443076013443714,0.210222201424955,2.4658901892966982,2.5726023497806705,0,-6.595160038854038e-05,-6.595160038854038e-05,76.17979418929724,25.878130350349853,0.4873775000000001,0.041254363329834585,0.61400125,0.13526096073308624,4.143456239118776,21.05452736660303,0.15115910335336868,3.800876990289285,24.75336373226905,25.93097700091468,100,0.1494415748039126,18.672749306599343
48.714625,4.107028866391738,0.1305506663314056,quadratic,4977.023564332114,380263.11651000154,393.29985668472006,282.787767839051,0.038329797427308014,0.27572240323683384,2.523963015014292,2.576768519650643,0,-0.00011345800034675569,-0.00011345800034675569,75.56468668167136,25.923928666058288,0.48714625,0.04107028866391738,0.6168887500000001,0.13611257334808383,3.8307056501685457,27.541780977869827,0.24943913300404233,7.235338962408395,25.330920231890637,25.959068204784444,100,0.24796995963322385,18.960530930730602
48.73675,4.097676102072978,0.1294276009560951,quadratic,6280.291441834246,598830.7905945322,484.90995099808845,348.512620586935,0.028476262435002068,0.2017450562376798,2.505827232674077,2.5651807017223547,0,-0.00015991587593342223,-0.00015991587593342223,75.73761723190884,25.82570390495779,0.4873675,0.04097676102072979,0.61590625,0.13494741090861098,2.8442242842810272,19.89372716647911,0.1264515366129462,6.632320676947219,25.148088495232933,25.823071269263504,100,0.12564063909067907,18.86891837522191
48.651875,4.1455921150512385,0.12909629442903958,quadratic,7924.828983539186,953470.7839927275,625.0720183085652,445.6972932566552,0.03011108078734316,0.5008300958896843,2.490759007220692,2.570666508261073,0,-0.00010488879464886435,-0.00010488879464886435,75.91049739219085,25.87433015043364,0.48651874999999994,0.041455921150512394,0.6144637499999999,0.13554514906826248,3.0192368343747917,50.33683405228425,0.8132121341061334,48.39060719922878,25.00978635170971,25.8869096965847,100,0.8123054569199515,18.805905919658702
48.717875,4.146206758517356,0.1299697656840514,quadratic,10000.0,1550738.6657446628,795.3966872760651,565.0333856787877,0.022203032881130062,0.21529557387701387,2.5109621983006303,2.579125055185154,0,-6.282452853646e-05,-6.282452853646e-05,75.69661500157876,25.93923956895002,0.48717875000000005,0.04146206758517357,0.61606375,0.1365391644764882,2.2183846753344176,21.581040045931886,0.1412622739198644,4.482732728215602,25.22656475478618,25.97955554598263,100,0.14076929925074386,18.92163359349145
